-- MySQL dump 10.13  Distrib 8.0.33, for Win64 (x86_64)
--
-- Host: 127.0.0.1    Database: api_platform_s
-- ------------------------------------------------------
-- Server version	5.7.44-log
/*!40101 SET @OLD_CHARACTER_SET_CLIENT=@@CHARACTER_SET_CLIENT */;

/*!40101 SET @OLD_CHARACTER_SET_RESULTS=@@CHARACTER_SET_RESULTS */;

/*!40101 SET @OLD_COLLATION_CONNECTION=@@COLLATION_CONNECTION */;

/*!50503 SET NAMES utf8mb4 */;

/*!40103 SET @OLD_TIME_ZONE=@@TIME_ZONE */;

/*!40103 SET TIME_ZONE='+00:00' */;

/*!40014 SET @OLD_UNIQUE_CHECKS=@@UNIQUE_CHECKS, UNIQUE_CHECKS=0 */;

/*!40014 SET @OLD_FOREIGN_KEY_CHECKS=@@FOREIGN_KEY_CHECKS, FOREIGN_KEY_CHECKS=0 */;

/*!40101 SET @OLD_SQL_MODE=@@SQL_MODE, SQL_MODE='NO_AUTO_VALUE_ON_ZERO' */;

/*!40111 SET @OLD_SQL_NOTES=@@SQL_NOTES, SQL_NOTES=0 */;

--
-- Table structure for table `api_call`
--
create database if not exists api_platform_s;

use api_platform_s;

DROP TABLE IF EXISTS `api_call`;

/*!40101 SET @saved_cs_client     = @@character_set_client */;

/*!50503 SET character_set_client = utf8mb4 */;

CREATE TABLE
  `api_call` (
    `id` bigint (20) NOT NULL AUTO_INCREMENT,
    `api_id` bigint (20) NOT NULL,
    `caller_id` bigint (20) NOT NULL,
    `left_times` int (11) NOT NULL DEFAULT '0' COMMENT '-1表示免费',
    `free_used` tinyint (4) NOT NULL DEFAULT '0',
    PRIMARY KEY (`id`)
  ) ENGINE = InnoDB AUTO_INCREMENT = 32 DEFAULT CHARSET = utf8mb4;

/*!40101 SET character_set_client = @saved_cs_client */;

--
-- Dumping data for table `api_call`
--
/*!40000 ALTER TABLE `api_call` DISABLE KEYS */;

INSERT INTO
  `api_call`
VALUES
  (24, 1, 12, 992, 1),
  (25, 1, 3, 10, 1),
  (26, 1, 4, 996, 0),
  (27, 2, 5, 0, 0),
  (28, 3, 1, 0, 1),
  (29, 4, 3, 0, 1),
  (30, 1, 11, 0, 0),
  (31, 2, 4, 6, 1);

/*!40000 ALTER TABLE `api_call` ENABLE KEYS */;

--
-- Table structure for table `api_call_log`
--
DROP TABLE IF EXISTS `api_call_log`;

/*!40101 SET @saved_cs_client     = @@character_set_client */;

/*!50503 SET character_set_client = utf8mb4 */;

CREATE TABLE
  `api_call_log` (
    `id` bigint (20) NOT NULL AUTO_INCREMENT,
    `api_id` bigint (20) NOT NULL,
    `caller_id` bigint (20) NOT NULL,
    `success` tinyint (4) NOT NULL DEFAULT '1' COMMENT '0-失败，1-成功',
    `time_consuming_ms` int (11) NOT NULL,
    `ctime` bigint (20) NOT NULL,
    PRIMARY KEY (`id`)
  ) ENGINE = InnoDB AUTO_INCREMENT = 81 DEFAULT CHARSET = utf8mb4;

/*!40101 SET character_set_client = @saved_cs_client */;

--
-- Dumping data for table `api_call_log`
--
/*!40000 ALTER TABLE `api_call_log` DISABLE KEYS */;

INSERT INTO
  `api_call_log`
VALUES
  (1, 1, 2, 0, 1256, 1740678262248),
  (2, 1, 2, 0, 762, 1740678291930),
  (3, 1, 2, 0, 603, 1740678414065),
  (4, 1, 2, 1, 1407, 1740678459099),
  (5, 1, 2, 1, 590, 1740678481951),
  (6, 1, 2, 1, 280, 1740678482982),
  (7, 1, 2, 1, 1608, 1740681932615),
  (8, 1, 2, 1, 395, 1740681976334),
  (9, 1, 2, 1, 9657, 1740682401080),
  (10, 1, 2, 1, 291, 1740682850486),
  (11, 1, 2, 1, 548, 1740682888765),
  (12, 1, 2, 1, 1255, 1740682948970),
  (13, 1, 2, 1, 85939, 1740683112856),
  (14, 1, 2, 1, 4987, 1740683305818),
  (15, 1, 2, 1, 277, 1740683311123),
  (16, 4, 2, 1, 43, 1740757867941),
  (17, 4, 2, 1, 3, 1740757870406),
  (18, 3, 13, 1, 21, 1740983630013),
  (19, 1, 13, 0, 60691, 1740983818420),
  (20, 2, 13, 1, 1464, 1740983879814),
  (21, 2, 2, 1, 2733, 1741017660576),
  (22, 3, 2, 1, 7, 1741017672275),
  (23, 4, 2, 1, 2, 1741017681778),
  (24, 2, 2, 1, 2268, 1741374153213),
  (25, 2, 2, 1, 635, 1741374173285),
  (26, 2, 2, 1, 601, 1741374175520),
  (27, 2, 2, 1, 1210, 1741374181866),
  (28, 2, 2, 1, 1686, 1741374442817),
  (29, 2, 2, 1, 643, 1741374508081),
  (30, 2, 2, 1, 865, 1741374577920),
  (31, 2, 2, 1, 1260, 1741374704002),
  (32, 1, 2, 1, 458, 1741374728980),
  (33, 1, 2, 1, 120, 1741437039464),
  (34, 1, 2, 1, 5, 1741437284655),
  (35, 1, 2, 1, 3, 1741437291962),
  (36, 1, 2, 1, 45342, 1741437364166),
  (37, 1, 2, 1, 1670, 1741447684471),
  (38, 1, 2, 1, 209, 1741447686227),
  (39, 1, 2, 1, 365, 1741447694178),
  (40, 1, 2, 1, 335, 1741447750958),
  (41, 1, 2, 1, 169, 1741447797928),
  (42, 1, 2, 1, 345, 1741447831708),
  (43, 1, 12, 1, 545, 1745376475037),
  (44, 1, 12, 1, 386, 1745376492234),
  (45, 1, 12, 1, 16141, 1745377613318),
  (46, 1, 12, 1, 520, 1745377669157),
  (47, 1, 12, 1, 337, 1745377671148),
  (48, 1, 12, 1, 8671, 1745377718096),
  (49, 1, 12, 1, 1719, 1745377895380),
  (50, 1, 12, 1, 1648, 1745377974716),
  (51, 1, 12, 1, 19104, 1745378002184),
  (52, 1, 12, 0, 10442, 1745378046004),
  (53, 1, 12, 1, 31367, 1745378138272),
  (54, 1, 12, 0, 129122, 1745378294522),
  (55, 1, 12, 1, 447, 1745378383946),
  (56, 1, 12, 1, 386, 1745378392888),
  (57, 1, 12, 1, 2123, 1745378510215),
  (58, 1, 12, 1, 37552, 1745378643352),
  (59, 1, 12, 1, 105567, 1745378772509),
  (60, 1, 12, 1, 1069, 1745378819184),
  (61, 1, 12, 1, 1251, 1745378930749),
  (62, 1, 12, 0, 71426, 1745379016743),
  (63, 1, 12, 0, 56963, 1745379123048),
  (64, 1, 12, 1, 38200, 1745379177369),
  (65, 1, 4, 1, 4480, 1748398163168),
  (66, 1, 4, 1, 2078, 1748398315798),
  (67, 1, 4, 1, 1278, 1748398546041),
  (68, 1, 4, 1, 920, 1748398567918),
  (69, 2, 4, 0, 657, 1748398639501),
  (70, 2, 4, 0, 504, 1748398647348),
  (71, 2, 4, 0, 558, 1748398715406),
  (72, 2, 4, 1, 7226, 1748399771087),
  (73, 2, 4, 1, 4192, 1748399815244),
  (74, 2, 4, 1, 146524, 1748400116823),
  (75, 2, 4, 1, 10557, 1748400178789),
  (76, 2, 4, 1, 8028, 1748400337880),
  (77, 2, 4, 1, 37606, 1748400621676),
  (78, 2, 4, 1, 6903, 1748406609241),
  (79, 2, 4, 1, 8834, 1748406651441),
  (80, 2, 4, 1, 6893, 1748412372981);

/*!40000 ALTER TABLE `api_call_log` ENABLE KEYS */;

--
-- Table structure for table `api_status`
--
DROP TABLE IF EXISTS `api_status`;

/*!40101 SET @saved_cs_client     = @@character_set_client */;

/*!50503 SET character_set_client = utf8mb4 */;

CREATE TABLE
  `api_status` (
    `id` bigint (20) NOT NULL AUTO_INCREMENT,
    `create_date` char(10) DEFAULT NULL,
    `user_id` bigint (20) NOT NULL,
    `api_id` bigint (20) NOT NULL,
    `call_times` int (11) NOT NULL DEFAULT '0',
    `success_times` int (11) NOT NULL DEFAULT '0',
    `total_duration` bigint (20) NOT NULL DEFAULT '0' COMMENT '总耗时，单位：ms',
    PRIMARY KEY (`id`)
  ) ENGINE = InnoDB AUTO_INCREMENT = 37 DEFAULT CHARSET = utf8mb4;

/*!40101 SET character_set_client = @saved_cs_client */;

--
-- Dumping data for table `api_status`
--
/*!40000 ALTER TABLE `api_status` DISABLE KEYS */;

INSERT INTO
  `api_status`
VALUES
  (1, '2025-03-01', 11, 17, 66, 89, 1069),
  (2, '2025-03-11', 6, 6, 68, 49, 7040),
  (3, '2025-03-02', 11, 12, 83, 51, 2889),
  (4, '2025-03-12', 9, 23, 57, 70, 2440),
  (5, '2025-03-03', 10, 17, 91, 37, 2131),
  (6, '2025-03-13', 10, 18, 29, 72, 2956),
  (7, '2025-03-04', 1, 12, 35, 82, 7033),
  (8, '2025-03-14', 9, 18, 57, 30, 9605),
  (16, '2025-01-15', 10, 13, 15, 60, 1124),
  (17, '2025-02-15', 7, 11, 68, 78, 3834),
  (18, '2025-03-15', 4, 8, 70, 42, 2134),
  (19, '2025-04-15', 8, 20, 23, 21, 5231),
  (20, '2025-05-15', 1, 13, 70, 67, 6447),
  (21, '2025-06-15', 1, 3, 56, 26, 7273),
  (22, '2025-07-15', 10, 4, 18, 8, 9461),
  (23, '2025-08-15', 7, 4, 10, 52, 7462),
  (24, '2025-09-15', 1, 2, 22, 47, 881),
  (25, '2025-10-15', 10, 7, 66, 32, 7591),
  (26, '2025-11-15', 9, 18, 44, 57, 9298),
  (27, '2025-12-15', 9, 6, 85, 41, 6193),
  (31, '2020-07-01', 9, 4, 49, 63, 1160),
  (32, '2021-07-01', 6, 2, 98, 62, 4246),
  (33, '2022-07-01', 1, 2, 26, 61, 7958),
  (34, '2023-07-01', 11, 11, 51, 79, 242),
  (35, '2024-07-01', 5, 3, 39, 29, 4228),
  (36, '2025-07-01', 3, 22, 93, 78, 5422);

/*!40000 ALTER TABLE `api_status` ENABLE KEYS */;

--
-- Table structure for table `application`
--
DROP TABLE IF EXISTS `application`;

/*!40101 SET @saved_cs_client     = @@character_set_client */;

/*!50503 SET character_set_client = utf8mb4 */;

CREATE TABLE
  `application` (
    `id` bigint (20) NOT NULL AUTO_INCREMENT,
    `application_type` tinyint (4) NOT NULL COMMENT '申请类型',
    `reason` varchar(32) NOT NULL,
    `description` varchar(512) NOT NULL,
    `reply_content` varchar(512) NOT NULL DEFAULT '',
    `audit_status` tinyint (4) NOT NULL DEFAULT '0' COMMENT '根据不同申请类型做出不同审核状态回调，0-待审核，1-审核通过，2-审核不通过',
    `extra_data` varchar(512) NOT NULL DEFAULT '',
    `ctime` bigint (20) NOT NULL,
    `utime` bigint (20) NOT NULL,
    `reporter_id` bigint (20) NOT NULL,
    PRIMARY KEY (`id`)
  ) ENGINE = InnoDB AUTO_INCREMENT = 27 DEFAULT CHARSET = utf8mb4;

/*!40101 SET character_set_client = @saved_cs_client */;

--
-- Dumping data for table `application`
--
/*!40000 ALTER TABLE `application` DISABLE KEYS */;

INSERT INTO
  `application`
VALUES
  (
    4,
    2,
    'other',
    'aaa',
    '通过',
    1,
    '1898026760151236608',
    1741361567315,
    1741361567315,
    2
  ),
  (
    5,
    2,
    'pricing_dispute',
    '',
    '拒绝',
    2,
    '1898021867550146560',
    1741369342794,
    1741369342810,
    2
  ),
  (
    6,
    1,
    'spam',
    '该评论内容为大量重复广告信息，属于垃圾内容',
    '',
    1,
    '54',
    1741525027461,
    1741525027461,
    30
  ),
  (
    7,
    1,
    'illegal',
    '评论中包含违反法律法规的敏感词汇，性质恶劣',
    '',
    1,
    '55',
    1741525027491,
    1741525027491,
    31
  ),
  (
    8,
    1,
    'attack',
    '此评论对其他用户进行了人身攻击，破坏社区和谐',
    '',
    1,
    '56',
    1741525027492,
    1741525027492,
    32
  ),
  (
    9,
    1,
    'fake',
    '评论所描述的事件经核实为虚假编造内容',
    '',
    0,
    '57',
    1741525027493,
    1741525027493,
    33
  ),
  (
    10,
    1,
    'rights',
    '该评论涉及侵犯他人知识产权等权益问题',
    '',
    0,
    '58',
    1741525027493,
    1741525027493,
    34
  ),
  (
    11,
    1,
    'false_review',
    '这是一条明显的虚假产品评价，误导消费者',
    '',
    0,
    '59',
    1741525027495,
    1741525027495,
    35
  ),
  (
    12,
    1,
    'other',
    '评论内容与当前话题完全无关，扰乱讨论秩序',
    '',
    0,
    '60',
    1741525027496,
    1741525027496,
    36
  ),
  (
    13,
    1,
    'spam',
    '持续发送无意义的刷屏式内容，影响体验',
    '',
    0,
    '61',
    1741525027497,
    1741525027497,
    37
  ),
  (
    14,
    1,
    'illegal',
    '包含宣扬非法行为的不当引导性言论',
    '',
    0,
    '62',
    1741525027498,
    1741525027498,
    38
  ),
  (
    15,
    1,
    'attack',
    '通过恶意诋毁的方式攻击其他用户的名誉',
    '',
    0,
    '63',
    1741525027499,
    1741525027499,
    39
  ),
  (
    16,
    2,
    'other',
    '234',
    '',
    1,
    '1901869489830494208',
    1742276127884,
    1742276127897,
    2
  ),
  (
    17,
    2,
    'other',
    '',
    '',
    0,
    '1903723886445330432',
    1742718135390,
    1742718135390,
    2
  ),
  (
    18,
    2,
    'other',
    '',
    '',
    20,
    '1903724106977640448',
    1742718178511,
    1742718178511,
    2
  ),
  (
    19,
    2,
    'other',
    '',
    '',
    1,
    '1903727046001950720',
    1742718880652,
    1742718880652,
    2
  ),
  (
    20,
    2,
    'other',
    '',
    '无法退款',
    2,
    '1903731243095162880',
    1742719880918,
    1742719880918,
    2
  ),
  (
    21,
    2,
    'other',
    '',
    '',
    1,
    '1911344990525587456',
    1745576988047,
    1745576988055,
    11
  ),
  (
    22,
    2,
    'other',
    '',
    '',
    2,
    '1914945030473121792',
    1745393466152,
    1745393466152,
    3
  ),
  (
    23,
    2,
    'other',
    '',
    '',
    20,
    '1914945538604662784',
    1745393582716,
    1745393582716,
    3
  ),
  (
    24,
    2,
    'other',
    '',
    '',
    1,
    '1914945640362672128',
    1745393601730,
    1745393601730,
    3
  ),
  (
    25,
    2,
    'other',
    '',
    '',
    0,
    '1914945909557297152',
    1745393665544,
    1745393665544,
    3
  ),
  (
    26,
    2,
    'other',
    '',
    '',
    0,
    '1915307509791326208',
    1745480473991,
    1745480473992,
    5
  );

/*!40000 ALTER TABLE `application` ENABLE KEYS */;

--
-- Table structure for table `comment`
--
DROP TABLE IF EXISTS `comment`;

/*!40101 SET @saved_cs_client     = @@character_set_client */;

/*!50503 SET character_set_client = utf8mb4 */;

CREATE TABLE
  `comment` (
    `id` bigint (20) NOT NULL AUTO_INCREMENT,
    `api_id` bigint (20) NOT NULL,
    `user_id` bigint (20) NOT NULL,
    `score` tinyint (4) NOT NULL DEFAULT '0' COMMENT '10分制',
    `content` varchar(512) NOT NULL,
    `ctime` bigint (20) NOT NULL,
    `deleted` tinyint (4) NOT NULL DEFAULT '0',
    `reply_to_comment_id` bigint (20) NOT NULL DEFAULT '0',
    `root_comment_id` bigint (20) NOT NULL DEFAULT '0',
    `favor_count` int (11) NOT NULL DEFAULT '0',
    `reply_count` int (11) NOT NULL DEFAULT '0',
    `reply_to_user_id` bigint (20) NOT NULL DEFAULT '0',
    PRIMARY KEY (`id`)
  ) ENGINE = InnoDB AUTO_INCREMENT = 211 DEFAULT CHARSET = utf8mb4;

/*!40101 SET character_set_client = @saved_cs_client */;

--
-- Dumping data for table `comment`
--
/*!40000 ALTER TABLE `comment` DISABLE KEYS */;

INSERT INTO
  `comment`
VALUES
  (
    54,
    2,
    12,
    8,
    '这个冷笑话API接口太实用了！响应速度快，每天随机推送三个冷笑话，工作累的时候笑一笑很解压',
    1718044800000,
    1,
    0,
    0,
    0,
    8,
    0
  ),
  (
    55,
    2,
    5,
    6,
    '接口文档太详细了，连错误码都有明确说明。但建议增加分类功能，比如能指定获取职场类或校园类冷笑话',
    1718217600000,
    1,
    0,
    0,
    0,
    6,
    0
  ),
  (
    56,
    2,
    18,
    10,
    '调用频率限制有点严格，希望能适当放宽。不过返回的JSON格式很规范，开发对接非常顺利',
    1718390400000,
    1,
    0,
    0,
    0,
    6,
    0
  ),
  (
    57,
    2,
    3,
    1,
    '冷笑话质量参差不齐，有些真的很冷...建议增加用户评分机制，让优质笑话更突出',
    1718563200000,
    0,
    0,
    0,
    0,
    7,
    0
  ),
  (
    58,
    2,
    19,
    3,
    '接口稳定性不错，连续调用100次都没出现问题。要是能增加多语言支持就更好了，比如返回英文冷笑话',
    1718736000000,
    0,
    0,
    0,
    0,
    13,
    0
  ),
  (
    59,
    2,
    3,
    0,
    '哇，听起来很不错！那这个接口获取笑话方便不？',
    1718050000000,
    0,
    54,
    54,
    0,
    1,
    12
  ),
  (
    60,
    2,
    12,
    0,
    '超方便呀，按照文档说明，几行代码就能搞定调用，轻松获取冷笑话。',
    1718052000000,
    0,
    59,
    54,
    0,
    0,
    3
  ),
  (
    61,
    2,
    8,
    0,
    '我觉得响应速度快这点确实好，不过推送的冷笑话类型多不多呀？',
    1718055000000,
    0,
    54,
    54,
    0,
    1,
    12
  ),
  (
    62,
    2,
    15,
    0,
    '感觉类型挺丰富的，有生活类、动物类，还有那种谐音梗的，每天都能收获不同的快乐。',
    1718058000000,
    0,
    61,
    54,
    0,
    0,
    8
  ),
  (
    63,
    2,
    17,
    0,
    '真有你说的那么解压？我咋感觉有些冷笑话不太好笑呢。',
    1718060000000,
    0,
    54,
    54,
    0,
    1,
    12
  ),
  (
    64,
    2,
    12,
    0,
    '可能每个人笑点不一样啦，我就觉得里面有些反转的笑话特别有意思，你再多试试。',
    1718062000000,
    0,
    63,
    54,
    0,
    0,
    17
  ),
  (
    65,
    2,
    9,
    0,
    '接口稳定不？不会调用几次就出问题吧。',
    1718065000000,
    0,
    54,
    54,
    0,
    1,
    12
  ),
  (
    66,
    2,
    12,
    0,
    '我用了这段时间，稳定性挺好的，没遇到过啥问题，放心用就行。',
    1718068000000,
    0,
    65,
    54,
    0,
    0,
    9
  ),
  (
    67,
    2,
    11,
    0,
    '那接口调用收费不？',
    1718070000000,
    0,
    54,
    54,
    0,
    1,
    12
  ),
  (
    68,
    2,
    12,
    0,
    '基础调用是免费的，对个人开发者很友好，要是有更高需求可能会涉及一些费用。',
    1718072000000,
    0,
    67,
    54,
    0,
    0,
    11
  ),
  (
    69,
    2,
    13,
    0,
    '能自己定制想要的冷笑话内容不？',
    1718075000000,
    0,
    54,
    54,
    0,
    1,
    12
  ),
  (
    70,
    2,
    12,
    0,
    '目前好像还不行，都是随机推送的，不过这样也有惊喜感嘛。',
    1718078000000,
    0,
    69,
    54,
    0,
    0,
    13
  ),
  (
    71,
    2,
    16,
    0,
    '接口有没有缓存机制呀，不然每次都请求会不会很耗资源？',
    1718080000000,
    0,
    54,
    54,
    0,
    1,
    12
  ),
  (
    72,
    2,
    12,
    0,
    '文档里没提到缓存相关内容，不过响应速度快，估计就算没缓存也不会太影响性能。',
    1718082000000,
    0,
    71,
    54,
    0,
    0,
    16
  ),
  (
    73,
    2,
    14,
    0,
    '我打算在我的APP里集成这个接口，有没有啥注意事项？',
    1718085000000,
    0,
    54,
    54,
    0,
    1,
    12
  ),
  (
    74,
    2,
    12,
    0,
    '按照文档规范来，注意接口调用频率限制，别影响用户体验就行。',
    1718088000000,
    0,
    73,
    54,
    0,
    0,
    14
  ),
  (
    75,
    2,
    20,
    0,
    '分类功能这个建议太赞了！我特别想要那种能让人瞬间清醒的冷笑话，职场类就很合适。',
    1718220000000,
    0,
    55,
    55,
    0,
    1,
    5
  ),
  (
    76,
    2,
    5,
    0,
    '是吧，我觉得要是有分类，大家就能更精准地获取自己喜欢的冷笑话了，希望开发团队能看到。',
    1718222000000,
    0,
    75,
    55,
    0,
    0,
    20
  ),
  (
    77,
    2,
    10,
    0,
    '文档详细是真的，不过里面的示例代码要是能多几种语言就好了，像Python、Java都有就完美了。',
    1718225000000,
    0,
    55,
    55,
    0,
    1,
    5
  ),
  (
    78,
    2,
    15,
    0,
    '没错没错，不同开发者用的语言不一样，多语言示例能方便很多人接入。',
    1718228000000,
    0,
    77,
    55,
    0,
    0,
    10
  ),
  (
    79,
    2,
    18,
    0,
    '我在想，除了职场和校园类，要是能有个科幻类的冷笑话分类就酷了。',
    1718230000000,
    0,
    55,
    55,
    0,
    1,
    5
  ),
  (
    80,
    2,
    20,
    0,
    '哇，这个想法很新颖啊，感觉科幻类冷笑话会很有意思，期待能实现。',
    1718232000000,
    0,
    79,
    55,
    0,
    0,
    18
  ),
  (
    81,
    2,
    12,
    0,
    '接口文档虽然详细，但对于新手来说，一些专业术语还是有点难理解，能不能加些注释呢？',
    1718235000000,
    0,
    55,
    55,
    0,
    1,
    5
  ),
  (
    82,
    2,
    5,
    0,
    '这个建议好，加了注释能让更多刚接触开发的人轻松上手使用这个接口。',
    1718238000000,
    0,
    81,
    55,
    0,
    0,
    12
  ),
  (
    83,
    2,
    7,
    0,
    '分类功能实现起来难度大不？会不会影响接口的稳定性呀？',
    1718240000000,
    0,
    55,
    55,
    0,
    1,
    5
  ),
  (
    84,
    2,
    15,
    0,
    '应该不会吧，合理设计数据库和算法，分类功能和接口稳定性可以兼得的。',
    1718242000000,
    0,
    83,
    55,
    0,
    0,
    7
  ),
  (
    85,
    2,
    16,
    0,
    '要是有分类了，能不能根据用户浏览记录推荐相关分类的冷笑话呢？',
    1718245000000,
    0,
    55,
    55,
    0,
    1,
    5
  ),
  (
    86,
    2,
    5,
    0,
    '这是个很棒的拓展功能，实现了的话用户体验肯定会大幅提升。',
    1718248000000,
    0,
    85,
    55,
    0,
    0,
    16
  ),
  (
    87,
    2,
    14,
    0,
    '我觉得频率限制严格点也正常，不然被恶意调用了，大家都用不了。',
    1718393000000,
    0,
    56,
    56,
    0,
    1,
    18
  ),
  (
    88,
    2,
    7,
    0,
    '话是这么说，但对于一些正常使用的企业用户，可能真的不够用，还是放宽点好。',
    1718396000000,
    0,
    87,
    56,
    0,
    0,
    14
  ),
  (
    89,
    2,
    11,
    0,
    '确实，放宽点频率限制，也能吸引更多开发者尝试这个接口，说不定能带来新的合作机会呢。',
    1718398000000,
    0,
    56,
    56,
    0,
    1,
    18
  ),
  (
    90,
    2,
    18,
    0,
    '有道理，不过放宽限制的话，得确保服务器能扛得住，不然接口就容易崩溃了。',
    1718400000000,
    0,
    89,
    56,
    0,
    0,
    11
  ),
  (
    91,
    2,
    4,
    0,
    '我好奇，JSON格式规范具体体现在哪些方面呀？我刚接触接口开发不太懂。',
    1718403000000,
    0,
    56,
    56,
    0,
    1,
    18
  ),
  (
    92,
    2,
    18,
    0,
    '比如说字段名称清晰易懂，数据类型定义明确，嵌套结构也很规整，这样在解析数据的时候就特别方便。',
    1718405000000,
    0,
    91,
    56,
    0,
    0,
    4
  ),
  (
    93,
    2,
    16,
    0,
    '那要是调用频率放宽了，会不会影响接口返回数据的质量呢？',
    1718408000000,
    0,
    56,
    56,
    0,
    1,
    18
  ),
  (
    94,
    2,
    14,
    0,
    '正常情况下不应该影响，只要服务器和数据处理逻辑稳定，数据质量主要还是取决于冷笑话的来源和筛选机制。',
    1718410000000,
    0,
    93,
    56,
    0,
    0,
    16
  ),
  (
    95,
    2,
    2,
    0,
    '我看文档里说有调用频率限制，那具体是多少次呀？',
    1718413000000,
    0,
    56,
    56,
    0,
    1,
    18
  ),
  (
    96,
    2,
    18,
    0,
    '好像是每小时只能调用50次，对于个人偶尔使用够了，但对企业级应用来说确实有点少。',
    1718415000000,
    0,
    95,
    56,
    0,
    0,
    2
  ),
  (
    97,
    2,
    13,
    0,
    '接口规范好是好，就是文档里要是有更多实际案例就更好了，方便理解。',
    1718418000000,
    0,
    56,
    56,
    0,
    1,
    18
  ),
  (
    98,
    2,
    18,
    0,
    '对，提得好！希望开发团队能补充一些，这样新手接入就更容易上手了。',
    1718420000000,
    0,
    97,
    56,
    0,
    0,
    13
  ),
  (
    99,
    2,
    16,
    0,
    '完全同意，有些冷笑话真的让人摸不着头脑，评分机制能筛选出优质的，让大家少踩雷。',
    1718566000000,
    0,
    57,
    57,
    0,
    1,
    3
  ),
  (
    100,
    2,
    3,
    0,
    '是呀，要是能像电商平台那样，大家都能看到笑话的评分和评论，选择起来就有方向了。',
    1718568000000,
    0,
    99,
    57,
    0,
    0,
    16
  ),
  (
    101,
    2,
    8,
    0,
    '但怎么保证评分的公正性呢？有些人觉得好笑，有些人觉得不好笑呀。',
    1718571000000,
    0,
    57,
    57,
    0,
    1,
    3
  ),
  (
    102,
    2,
    15,
    0,
    '可以设定一个评分规则，比如根据一定时间内的点赞、点踩数量来综合计算评分，这样能相对公平些。',
    1718573000000,
    0,
    101,
    57,
    0,
    0,
    8
  ),
  (
    103,
    2,
    12,
    0,
    '那要是评分机制上线了，接口返回的数据里会直接显示笑话评分吗？',
    1718576000000,
    0,
    57,
    57,
    0,
    1,
    3
  ),
  (
    104,
    2,
    3,
    0,
    '肯定得显示呀，不然评分就没意义了，这样大家调用接口获取笑话时就能直接看到评分。',
    1718578000000,
    0,
    103,
    57,
    0,
    0,
    12
  ),
  (
    105,
    2,
    10,
    0,
    '除了评分，要是能有个收藏功能就好了，方便把喜欢的冷笑话存起来。',
    1718581000000,
    0,
    57,
    57,
    0,
    1,
    3
  ),
  (
    106,
    2,
    16,
    0,
    '对，收藏功能很实用！还能根据收藏记录分析用户喜好，优化笑话推荐。',
    1718583000000,
    0,
    105,
    57,
    0,
    0,
    10
  ),
  (
    107,
    2,
    7,
    0,
    '我担心评分机制会增加接口开发和维护的成本，实现起来难度大不？',
    1718586000000,
    0,
    57,
    57,
    0,
    1,
    3
  ),
  (
    108,
    2,
    15,
    0,
    '技术上应该能实现，就是得在数据库设计和接口逻辑上多花些功夫，长远来看对用户体验提升很大。',
    1718588000000,
    0,
    107,
    57,
    0,
    0,
    7
  ),
  (
    109,
    2,
    19,
    0,
    '要是有评分了，那会不会出现恶意刷分的情况呀？',
    1718591000000,
    0,
    57,
    57,
    0,
    1,
    3
  ),
  (
    110,
    2,
    3,
    0,
    '这就需要开发团队设置一些防刷机制了，比如限制同一IP的评分频率等。',
    1718593000000,
    0,
    109,
    57,
    0,
    0,
    19
  ),
  (
    111,
    2,
    14,
    0,
    '评分机制上线后，接口文档是不是也得更新说明呀？',
    1718596000000,
    0,
    57,
    57,
    0,
    1,
    3
  ),
  (
    112,
    2,
    3,
    0,
    '肯定得更新，不然开发者都不知道怎么用这个新功能，文档得跟上。',
    1718598000000,
    0,
    111,
    57,
    0,
    0,
    14
  ),
  (
    113,
    2,
    6,
    0,
    '多语言支持太有必要了！我在国外做项目，要是能用这个接口获取英文冷笑话，那就太方便了。',
    1718739000000,
    0,
    58,
    58,
    0,
    1,
    19
  ),
  (
    114,
    2,
    19,
    0,
    '是呀，这样能拓展接口的使用范围，吸引更多国外的开发者和用户。',
    1718741000000,
    0,
    113,
    58,
    0,
    0,
    6
  ),
  (
    115,
    2,
    9,
    0,
    '接口稳定性好是好事，但连续调用100次测试够吗？会不会次数太少了？',
    1718744000000,
    0,
    58,
    58,
    0,
    1,
    19
  ),
  (
    116,
    2,
    19,
    0,
    '其实100次对日常使用场景来说，能初步检验稳定性了，要是企业级应用，可能还需要更严格的压力测试。',
    1718746000000,
    0,
    115,
    58,
    0,
    0,
    9
  ),
  (
    117,
    2,
    12,
    0,
    '增加多语言支持的话，冷笑话的翻译质量能保证吗？别翻译得乱七八糟的。',
    1718749000000,
    0,
    58,
    58,
    0,
    1,
    19
  ),
  (
    118,
    2,
    19,
    0,
    '这就得看开发团队用什么翻译方案了，要是用专业的翻译引擎，应该能保证一定质量。',
    1718751000000,
    0,
    117,
    58,
    0,
    0,
    12
  ),
  (
    119,
    2,
    17,
    0,
    '除了英文，要是能支持其他小语种就更牛了，像日语、韩语。',
    1718754000000,
    0,
    58,
    58,
    0,
    1,
    19
  ),
  (
    120,
    2,
    6,
    0,
    '对呀，多语言覆盖越广，受众就越多，接口的价值也就越高。',
    1718756000000,
    0,
    119,
    58,
    0,
    0,
    17
  ),
  (
    121,
    2,
    10,
    0,
    '接口稳定性好，那它的服务器是国内的还是国外的呀？',
    1718759000000,
    0,
    58,
    58,
    0,
    1,
    19
  ),
  (
    122,
    2,
    19,
    0,
    '文档里没说，不过从稳定性来看，服务器配置应该不错，不管国内国外，能正常使用就行。',
    1718761000000,
    0,
    121,
    58,
    0,
    0,
    10
  ),
  (
    123,
    2,
    14,
    0,
    '多语言支持上线后，接口调用参数是不是得增加语言选择的字段呀？',
    1718764000000,
    0,
    58,
    58,
    0,
    1,
    19
  ),
  (
    124,
    2,
    19,
    0,
    '肯定得加呀，这样才能根据用户选择返回对应语言的冷笑话，方便大家使用。',
    1718766000000,
    0,
    123,
    58,
    0,
    0,
    14
  ),
  (
    125,
    2,
    2,
    0,
    '接口稳定性好，那有没有做过数据备份呢？万一数据丢失就麻烦了。',
    1718769000000,
    0,
    58,
    58,
    0,
    1,
    19
  ),
  (
    126,
    2,
    19,
    0,
    '一般正规的接口服务都会做数据备份的，不然数据安全没法保障，这个不用担心。',
    1718771000000,
    0,
    125,
    58,
    0,
    0,
    2
  ),
  (
    127,
    2,
    11,
    0,
    '要是增加多语言支持，冷笑话的版权问题怎么解决呀？不同语言版本可能涉及不同版权。',
    1718774000000,
    0,
    58,
    58,
    0,
    1,
    19
  ),
  (
    128,
    2,
    19,
    0,
    '这就得看开发团队怎么处理了，也许他们会和版权方协商，或者有自己的一套解决方案，上线前肯定得处理好。',
    1718776000000,
    0,
    127,
    58,
    0,
    0,
    11
  ),
  (
    129,
    2,
    13,
    0,
    '接口连续调用100次没问题，那同时并发调用呢？性能能保证不？',
    1718779000000,
    0,
    58,
    58,
    0,
    1,
    19
  ),
  (
    130,
    2,
    19,
    0,
    '这个得看接口的架构设计了，好的架构应该能承受一定程度的并发调用，不过具体还得等官方测试数据。',
    1718781000000,
    0,
    129,
    58,
    0,
    0,
    13
  ),
  (
    131,
    2,
    17,
    0,
    '多语言支持要是实现了，能不能根据用户设备语言自动切换冷笑话语言呢？',
    1718784000000,
    0,
    58,
    58,
    0,
    1,
    19
  ),
  (
    132,
    2,
    6,
    0,
    '这个功能很人性化呀，如果能实现，用户体验会更上一层楼，就看开发团队有没有这个计划了。',
    1718786000000,
    0,
    131,
    58,
    0,
    0,
    17
  ),
  (
    133,
    2,
    4,
    0,
    '接口稳定性好，那它的更新频率高不？会不会经常出新功能？',
    1718789000000,
    0,
    58,
    58,
    0,
    1,
    19
  ),
  (
    134,
    2,
    19,
    0,
    '目前不太清楚，不过从大家提的这些建议来看，如果开发团队重视用户反馈，后续可能会有新功能上线和更新。',
    1718791000000,
    0,
    133,
    58,
    0,
    0,
    4
  ),
  (
    135,
    2,
    15,
    0,
    '多语言支持上线后，会不会影响接口的响应速度呀？',
    1718794000000,
    0,
    58,
    58,
    0,
    1,
    19
  ),
  (
    136,
    2,
    19,
    0,
    '有可能，毕竟要处理不同语言的冷笑话数据，但如果优化做得好，影响应该不大，还是得等实际体验。',
    1718796000000,
    0,
    135,
    58,
    0,
    0,
    15
  ),
  (
    137,
    2,
    10,
    0,
    '接口文档里有没有关于多语言支持的路线图呀？啥时候能上线呢？',
    1718799000000,
    0,
    58,
    58,
    0,
    1,
    19
  ),
  (
    138,
    2,
    19,
    0,
    '文档里目前没看到，得关注官方渠道消息，说不定过段时间就有相关公告了。',
    1718801000000,
    0,
    137,
    58,
    0,
    0,
    10
  ),
  (
    140,
    1,
    2,
    10,
    '这个api挺不错的，我喜欢',
    1740801600000,
    0,
    0,
    0,
    1,
    1,
    0
  ),
  (
    141,
    1,
    3,
    0,
    '是吗，我也试试',
    1740812400000,
    0,
    140,
    140,
    0,
    1,
    2
  ),
  (
    142,
    1,
    3,
    8,
    '不错不错，确实可以',
    1740816000000,
    0,
    0,
    0,
    0,
    0,
    0
  ),
  (
    143,
    3,
    2,
    9,
    '这个 API 功能强大，响应速度超快，太好用了',
    1740883200000,
    0,
    0,
    0,
    1,
    1,
    0
  ),
  (
    144,
    3,
    3,
    0,
    '听你这么说，我也赶紧试试这个 API',
    1740894000000,
    0,
    143,
    143,
    0,
    0,
    2
  ),
  (
    145,
    3,
    3,
    9,
    '试过了，确实很不错，很实用的 API',
    1740897600000,
    0,
    0,
    0,
    0,
    0,
    0
  ),
  (
    146,
    4,
    2,
    8,
    'API 的文档很清晰，使用起来毫无障碍，非常棒',
    1740969600000,
    0,
    0,
    0,
    1,
    1,
    0
  ),
  (
    147,
    4,
    3,
    0,
    '那我也去体验下这个文档清晰的 API',
    1740980400000,
    0,
    146,
    146,
    0,
    0,
    2
  ),
  (
    148,
    4,
    3,
    8,
    '体验了，确实如你所说，文档很有帮助',
    1740984000000,
    0,
    0,
    0,
    0,
    0,
    0
  ),
  (
    149,
    5,
    2,
    9,
    '这个 API 稳定性极高，用着特别安心',
    1741056000000,
    0,
    0,
    0,
    1,
    1,
    0
  ),
  (
    150,
    5,
    3,
    0,
    '稳定性好很重要，我也来试试',
    1741066800000,
    0,
    149,
    149,
    0,
    0,
    2
  ),
  (
    151,
    5,
    3,
    9,
    '试过了，稳定性确实没得说，值得推荐',
    1741070400000,
    0,
    0,
    0,
    0,
    0,
    0
  ),
  (
    152,
    6,
    2,
    8,
    'API 返回的数据准确无误，对我的业务帮助很大',
    1741142400000,
    0,
    0,
    0,
    1,
    1,
    0
  ),
  (
    153,
    6,
    3,
    0,
    '数据准确很关键，我得去试试这个 API',
    1741153200000,
    0,
    152,
    152,
    0,
    0,
    2
  ),
  (
    154,
    6,
    3,
    8,
    '用了之后发现数据确实很准确，很棒的 API',
    1741156800000,
    0,
    0,
    0,
    0,
    0,
    0
  ),
  (
    155,
    7,
    2,
    9,
    '这个 API 的功能丰富多样，能满足很多需求',
    1741228800000,
    0,
    0,
    0,
    1,
    1,
    0
  ),
  (
    156,
    7,
    3,
    0,
    '功能丰富听起来很不错，我去试试看',
    1741239600000,
    0,
    155,
    155,
    0,
    0,
    2
  ),
  (
    157,
    7,
    3,
    9,
    '体验了，功能确实很丰富，值得拥有',
    1741243200000,
    0,
    0,
    0,
    0,
    0,
    0
  ),
  (
    158,
    8,
    2,
    8,
    'API 的使用成本很低，性价比超高',
    1741315200000,
    0,
    0,
    0,
    1,
    1,
    0
  ),
  (
    159,
    8,
    3,
    0,
    '性价比高很有吸引力，我来试试这个 API',
    1741326000000,
    0,
    158,
    158,
    0,
    0,
    2
  ),
  (
    160,
    8,
    3,
    8,
    '试过了，成本确实低，很适合我们这种小团队',
    1741329600000,
    0,
    0,
    0,
    0,
    0,
    0
  ),
  (
    161,
    9,
    2,
    9,
    '这个 API 的更新速度快，总能跟上业务变化',
    1741401600000,
    0,
    0,
    0,
    1,
    1,
    0
  ),
  (
    162,
    9,
    3,
    0,
    '更新快很重要，我也去感受下',
    1741412400000,
    0,
    161,
    161,
    0,
    0,
    2
  ),
  (
    163,
    9,
    3,
    9,
    '体验了，更新速度确实快，很满意',
    1741416000000,
    0,
    0,
    0,
    0,
    0,
    0
  ),
  (
    164,
    10,
    2,
    8,
    'API 的技术支持很给力，遇到问题能及时解决',
    1741488000000,
    0,
    0,
    0,
    1,
    1,
    0
  ),
  (
    165,
    10,
    3,
    0,
    '技术支持好很关键，我来试试这个 API',
    1741498800000,
    0,
    164,
    164,
    0,
    0,
    2
  ),
  (
    166,
    10,
    3,
    8,
    '试过了，技术支持确实给力，值得点赞',
    1741502400000,
    0,
    0,
    0,
    0,
    0,
    0
  ),
  (
    167,
    11,
    2,
    9,
    '这个 API 的数据安全性高，让我很放心',
    1741574400000,
    0,
    0,
    0,
    1,
    1,
    0
  ),
  (
    168,
    11,
    3,
    0,
    '数据安全很重要，我去试试这个 API',
    1741585200000,
    0,
    167,
    167,
    0,
    0,
    2
  ),
  (
    169,
    11,
    3,
    9,
    '试过了，数据安全确实有保障，很不错',
    1741588800000,
    0,
    0,
    0,
    0,
    0,
    0
  ),
  (
    170,
    12,
    2,
    8,
    'API 的可扩展性强，方便后续开发新功能',
    1741660800000,
    0,
    0,
    0,
    1,
    1,
    0
  ),
  (
    171,
    12,
    3,
    0,
    '可扩展性强很实用，我来试试看',
    1741671600000,
    0,
    170,
    170,
    0,
    0,
    2
  ),
  (
    172,
    12,
    3,
    8,
    '体验了，可扩展性确实不错，很适合长期使用',
    1741675200000,
    0,
    0,
    0,
    0,
    0,
    0
  ),
  (
    173,
    13,
    2,
    9,
    '这个 API 的接口设计很合理，调用起来很方便',
    1741747200000,
    0,
    0,
    0,
    1,
    1,
    0
  ),
  (
    174,
    13,
    3,
    0,
    '接口设计合理很重要，我去试试这个 API',
    1741758000000,
    0,
    173,
    173,
    0,
    0,
    2
  ),
  (
    175,
    13,
    3,
    9,
    '试过了，接口调用确实方便，值得推荐',
    1741761600000,
    0,
    0,
    0,
    0,
    0,
    0
  ),
  (
    176,
    14,
    2,
    8,
    'API 的响应格式规范，解析起来很轻松',
    1741833600000,
    0,
    0,
    0,
    1,
    1,
    0
  ),
  (
    177,
    14,
    3,
    0,
    '响应格式规范很有用，我来试试这个 API',
    1741844400000,
    0,
    176,
    176,
    0,
    0,
    2
  ),
  (
    178,
    14,
    3,
    8,
    '试过了，响应格式确实规范，解析很容易',
    1741848000000,
    0,
    0,
    0,
    0,
    0,
    0
  ),
  (
    179,
    15,
    2,
    9,
    '这个 API 的性能优化得很好，运行速度快',
    1741920000000,
    0,
    0,
    0,
    1,
    1,
    0
  ),
  (
    180,
    15,
    3,
    0,
    '性能好很关键，我去试试这个 API',
    1741930800000,
    0,
    179,
    179,
    0,
    0,
    2
  ),
  (
    181,
    15,
    3,
    9,
    '试过了，性能确实不错，运行速度很快',
    1741934400000,
    0,
    0,
    0,
    0,
    0,
    0
  ),
  (
    182,
    16,
    2,
    8,
    'API 的错误处理机制完善，遇到问题能清晰提示',
    1742006400000,
    0,
    0,
    0,
    1,
    1,
    0
  ),
  (
    183,
    16,
    3,
    0,
    '错误处理完善很重要，我来试试这个 API',
    1742017200000,
    0,
    182,
    182,
    0,
    0,
    2
  ),
  (
    184,
    16,
    3,
    8,
    '试过了，错误提示确实清晰，方便排查问题',
    1742020800000,
    0,
    0,
    0,
    0,
    0,
    0
  ),
  (
    185,
    17,
    2,
    9,
    '这个 API 的数据更新及时，能获取到最新信息',
    1742092800000,
    0,
    0,
    0,
    1,
    1,
    0
  ),
  (
    186,
    17,
    3,
    0,
    '数据更新及时很有用，我去试试这个 API',
    1742103600000,
    0,
    185,
    185,
    0,
    0,
    2
  ),
  (
    187,
    17,
    3,
    9,
    '试过了，数据确实更新及时，很满意',
    1742107200000,
    0,
    0,
    0,
    0,
    0,
    0
  ),
  (
    188,
    18,
    2,
    8,
    'API 的使用说明详细，新手也能快速上手',
    1742179200000,
    0,
    0,
    0,
    1,
    1,
    0
  ),
  (
    189,
    18,
    3,
    0,
    '说明详细很适合新手，我来试试这个 API',
    1742190000000,
    0,
    188,
    188,
    0,
    0,
    2
  ),
  (
    190,
    18,
    3,
    8,
    '试过了，使用说明确实详细，上手很容易',
    1742193600000,
    0,
    0,
    0,
    0,
    0,
    0
  ),
  (
    191,
    19,
    2,
    9,
    '这个 API 的兼容性好，能和现有系统完美融合',
    1742265600000,
    0,
    0,
    0,
    1,
    1,
    0
  ),
  (
    192,
    19,
    3,
    0,
    '兼容性好很重要，我去试试这个 API',
    1742276400000,
    0,
    191,
    191,
    0,
    0,
    2
  ),
  (
    193,
    19,
    3,
    9,
    '试过了，兼容性确实不错，融合得很好',
    1742280000000,
    0,
    0,
    0,
    0,
    0,
    0
  ),
  (
    194,
    20,
    2,
    8,
    'API 的服务质量高，能提供稳定的支持',
    1742352000000,
    0,
    0,
    0,
    1,
    1,
    0
  ),
  (
    195,
    20,
    3,
    0,
    '服务质量高很关键，我来试试这个 API',
    1742362800000,
    0,
    194,
    194,
    0,
    0,
    2
  ),
  (
    196,
    20,
    3,
    8,
    '试过了，服务质量确实不错，很可靠',
    1742366400000,
    0,
    0,
    0,
    0,
    0,
    0
  ),
  (
    197,
    21,
    2,
    9,
    '这个 API 的功能针对性强，能精准满足需求',
    1742438400000,
    0,
    0,
    0,
    1,
    1,
    0
  ),
  (
    198,
    21,
    3,
    0,
    '功能针对性强很实用，我去试试这个 API',
    1742449200000,
    0,
    197,
    197,
    0,
    0,
    2
  ),
  (
    199,
    21,
    3,
    9,
    '试过了，功能确实很有针对性，很满意',
    1742452800000,
    0,
    0,
    0,
    0,
    0,
    0
  ),
  (
    200,
    22,
    2,
    8,
    'API 的数据准确性高，分析结果很可靠',
    1742524800000,
    0,
    0,
    0,
    1,
    1,
    0
  ),
  (
    201,
    22,
    3,
    0,
    '数据准确很重要，我来试试这个 API',
    1742535600000,
    0,
    200,
    200,
    0,
    0,
    2
  ),
  (
    202,
    22,
    3,
    8,
    '试过了，数据确实准确，分析结果可靠',
    1742539200000,
    0,
    0,
    0,
    0,
    0,
    0
  ),
  (
    203,
    23,
    2,
    9,
    '这个 API 的用户体验好，操作流程很流畅',
    1742611200000,
    0,
    0,
    0,
    1,
    1,
    0
  ),
  (
    204,
    23,
    3,
    0,
    '用户体验好很关键，我去试试这个 API',
    1742622000000,
    0,
    203,
    203,
    0,
    0,
    2
  ),
  (
    205,
    23,
    3,
    9,
    '试过了，用户体验确实不错，操作很流畅',
    1742625600000,
    0,
    0,
    0,
    0,
    0,
    0
  ),
  (
    206,
    24,
    2,
    8,
    '这个 API 灵活性超高，能适配多种业务场景，太棒啦',
    1742697600000,
    0,
    0,
    0,
    1,
    1,
    0
  ),
  (
    207,
    24,
    3,
    0,
    '灵活性高很有吸引力，我也去试试这个 API',
    1742708400000,
    0,
    206,
    206,
    0,
    0,
    2
  ),
  (
    208,
    24,
    3,
    8,
    '试过了，确实能很好适配我的业务场景，很满意',
    1742712000000,
    0,
    0,
    0,
    0,
    0,
    0
  ),
  (
    209,
    1,
    1,
    0,
    '当然是真的啦',
    1744473959854,
    0,
    141,
    140,
    0,
    0,
    3
  ),
  (
    210,
    24,
    1,
    0,
    '是的，很不错',
    1745588565032,
    1,
    206,
    206,
    0,
    0,
    2
  );

/*!40000 ALTER TABLE `comment` ENABLE KEYS */;

--
-- Table structure for table `comment_interaction`
--
DROP TABLE IF EXISTS `comment_interaction`;

/*!40101 SET @saved_cs_client     = @@character_set_client */;

/*!50503 SET character_set_client = utf8mb4 */;

CREATE TABLE
  `comment_interaction` (
    `id` bigint (20) NOT NULL AUTO_INCREMENT,
    `comment_id` bigint (20) NOT NULL,
    `user_id` bigint (20) NOT NULL,
    `favor` tinyint (4) NOT NULL DEFAULT '0',
    PRIMARY KEY (`id`)
  ) ENGINE = InnoDB AUTO_INCREMENT = 29 DEFAULT CHARSET = utf8mb4;

/*!40101 SET character_set_client = @saved_cs_client */;

--
-- Dumping data for table `comment_interaction`
--
/*!40000 ALTER TABLE `comment_interaction` DISABLE KEYS */;

INSERT INTO
  `comment_interaction`
VALUES
  (1, 2, 2, 0),
  (2, 1, 2, 1),
  (3, 3, 2, 0),
  (4, 48, 13, 0),
  (5, 140, 3, 1),
  (6, 143, 3, 1),
  (7, 146, 3, 1),
  (8, 149, 3, 1),
  (9, 152, 3, 1),
  (10, 155, 3, 1),
  (11, 158, 3, 1),
  (12, 161, 3, 1),
  (13, 164, 3, 1),
  (14, 167, 3, 1),
  (15, 170, 3, 1),
  (16, 173, 3, 1),
  (17, 176, 3, 1),
  (18, 179, 3, 1),
  (19, 182, 3, 1),
  (20, 185, 3, 1),
  (21, 188, 3, 1),
  (22, 191, 3, 1),
  (23, 194, 3, 1),
  (24, 197, 3, 1),
  (25, 200, 3, 1),
  (26, 203, 3, 1),
  (27, 206, 3, 1),
  (28, 142, 4, 0);

/*!40000 ALTER TABLE `comment_interaction` ENABLE KEYS */;

--
-- Table structure for table `goods_order`
--
DROP TABLE IF EXISTS `goods_order`;

/*!40101 SET @saved_cs_client     = @@character_set_client */;

/*!50503 SET character_set_client = utf8mb4 */;

CREATE TABLE
  `goods_order` (
    `id` bigint (20) NOT NULL AUTO_INCREMENT,
    `order_id` varchar(32) NOT NULL,
    `api_id` bigint (20) NOT NULL,
    `user_id` bigint (20) NOT NULL,
    `actual_payment` float NOT NULL,
    `amount` int (11) NOT NULL,
    `status` tinyint (4) NOT NULL COMMENT '0-待支付，1-已支付，2-已取消',
    `price` float NOT NULL DEFAULT '0' COMMENT '单价',
    `ctime` bigint (20) NOT NULL,
    `utime` bigint (20) NOT NULL,
    `deleted` tinyint (4) NOT NULL DEFAULT '0',
    `is_comment` tinyint (4) NOT NULL DEFAULT '0',
    `is_used` tinyint (4) NOT NULL DEFAULT '0' COMMENT '是否使用了',
    PRIMARY KEY (`id`)
  ) ENGINE = InnoDB AUTO_INCREMENT = 87 DEFAULT CHARSET = utf8mb4;

/*!40101 SET character_set_client = @saved_cs_client */;

--
-- Dumping data for table `goods_order`
--
/*!40000 ALTER TABLE `goods_order` DISABLE KEYS */;

INSERT INTO
  `goods_order`
VALUES
  (
    67,
    '1911344211362316288',
    1,
    11,
    0,
    10,
    1,
    0.00001,
    1744534945733,
    1744534945733,
    0,
    0,
    1
  ),
  (
    68,
    '1911344515965255680',
    4,
    11,
    0,
    0,
    1,
    0,
    1744535018328,
    1744535018328,
    0,
    0,
    1
  ),
  (
    69,
    '1911344990525587456',
    2,
    11,
    0.05,
    10,
    41,
    0.005,
    1744535131472,
    1744535131472,
    0,
    0,
    0
  ),
  (
    70,
    '1914873792346193920',
    1,
    12,
    0,
    10,
    1,
    0.00001,
    1745376463389,
    1745376463389,
    0,
    0,
    1
  ),
  (
    71,
    '1914880887216930816',
    1,
    12,
    0.01,
    1000,
    1,
    0.00001,
    1745378154940,
    1745378154940,
    0,
    0,
    1
  ),
  (
    72,
    '1914944783336341504',
    1,
    3,
    0.01,
    1000,
    1,
    0.00001,
    1745393388961,
    1745393388961,
    0,
    0,
    0
  ),
  (
    73,
    '1914944893743005696',
    1,
    3,
    0,
    1000,
    2,
    0.00001,
    1745393415282,
    1745393415282,
    0,
    0,
    0
  ),
  (
    74,
    '1914945030473121792',
    1,
    3,
    0.01,
    1000,
    42,
    0.00001,
    1745393447880,
    1745393447880,
    0,
    0,
    0
  ),
  (
    75,
    '1914945538604662784',
    1,
    3,
    0.01,
    1000,
    43,
    0.00001,
    1745393569028,
    1745393569028,
    0,
    0,
    0
  ),
  (
    76,
    '1914945640362672128',
    1,
    3,
    0.01,
    1000,
    41,
    0.00001,
    1745393593289,
    1745393593289,
    0,
    0,
    0
  ),
  (
    77,
    '1914945909557297152',
    1,
    3,
    0.01,
    1000,
    40,
    0.00001,
    1745393657470,
    1745393657470,
    0,
    0,
    0
  ),
  (
    78,
    '1915279546282672128',
    1,
    4,
    0.01,
    1000,
    1,
    0.00001,
    1745473202664,
    1745473202664,
    0,
    0,
    1
  ),
  (
    79,
    '1915307137689452544',
    2,
    5,
    0,
    10,
    2,
    0.005,
    1745479780980,
    1745479780980,
    0,
    0,
    0
  ),
  (
    80,
    '1915307509791326208',
    2,
    5,
    0.05,
    10,
    40,
    0.005,
    1745479869685,
    1745479869685,
    0,
    0,
    0
  ),
  (
    81,
    '1915756710299959296',
    3,
    1,
    0,
    0,
    1,
    0,
    1745586967438,
    1745586967438,
    0,
    0,
    1
  ),
  (
    82,
    '1921749451064475648',
    1,
    3,
    0,
    10,
    1,
    0.00001,
    1747015748176,
    1747015748176,
    0,
    0,
    1
  ),
  (
    83,
    '1921749642421207040',
    4,
    3,
    0,
    0,
    1,
    0,
    1747015793793,
    1747015793793,
    0,
    0,
    1
  ),
  (
    84,
    '1921750698546954240',
    1,
    11,
    0,
    1000,
    0,
    0.00001,
    1747016045592,
    1747016045592,
    0,
    0,
    0
  ),
  (
    85,
    '1927549565800546304',
    2,
    4,
    0,
    5,
    1,
    0.005,
    1748398603284,
    1748398603284,
    0,
    0,
    1
  ),
  (
    86,
    '1927557832136196096',
    2,
    4,
    0.05,
    10,
    1,
    0.005,
    1748400574137,
    1748400574137,
    0,
    0,
    1
  );

/*!40000 ALTER TABLE `goods_order` ENABLE KEYS */;

--
-- Table structure for table `http_api`
--
DROP TABLE IF EXISTS `http_api`;

/*!40101 SET @saved_cs_client     = @@character_set_client */;

/*!50503 SET character_set_client = utf8mb4 */;

CREATE TABLE
  `http_api` (
    `id` bigint (20) NOT NULL AUTO_INCREMENT,
    `owner_id` bigint (20) NOT NULL,
    `description` varchar(1024) NOT NULL DEFAULT '',
    `name` varchar(128) NOT NULL,
    `protocol` varchar(16) NOT NULL DEFAULT '',
    `domain` varchar(512) NOT NULL DEFAULT '',
    `path` varchar(1024) NOT NULL DEFAULT '',
    `method` varchar(8) NOT NULL COMMENT '大写',
    `params` varchar(1024) NOT NULL DEFAULT '',
    `req_headers` varchar(1024) NOT NULL DEFAULT '',
    `req_body` mediumtext,
    `resp_headers` varchar(1024) NOT NULL DEFAULT '',
    `resp_body` mediumtext,
    `resp_success` mediumtext,
    `resp_fail` mediumtext,
    `error_codes` mediumtext,
    `price` float NOT NULL DEFAULT '0' COMMENT '最多3位小数',
    `free_times` int (11) NOT NULL DEFAULT '0',
    `logo_url` varchar(1024) DEFAULT '',
    `score` int (11) NOT NULL DEFAULT '0' COMMENT '100分制',
    `order_volume` int (11) NOT NULL DEFAULT '0' COMMENT '成交量',
    `status` tinyint (4) NOT NULL DEFAULT '0' COMMENT '0-待审核，1-上线，2-下线，3-被禁用',
    `ctime` bigint (20) NOT NULL,
    `utime` bigint (20) NOT NULL,
    PRIMARY KEY (`id`),
    UNIQUE KEY `http_api_pk` (`name`)
  ) ENGINE = InnoDB AUTO_INCREMENT = 25 DEFAULT CHARSET = utf8mb4;

/*!40101 SET character_set_client = @saved_cs_client */;

--
-- Dumping data for table `http_api`
--
/*!40000 ALTER TABLE `http_api` DISABLE KEYS */;

INSERT INTO
  `http_api`
VALUES
  (
    1,
    1,
    '提供准确且及时的天气预报信息，助力出行决策',
    '天气预报',
    'http',
    '127.0.0.1:9000',
    '/api-platform/api/web/weather',
    'GET',
    '{\n    \"adcode\": {\n        \"type\": \"string\",\n        \"required\": false,\n        \"desc\": \"3选1，推荐adcode、city。城市编码（https://lbs.amap.com/api/webservice/download）。\"\n    },\n    \"city\": {\n        \"type\": \"string\",\n        \"required\": false,\n        \"desc\": \"3选1，推荐adcode、city\"\n    },\n    \"ip\": {\n        \"type\": \"string\",\n        \"required\": false,\n        \"desc\": \"3选1，推荐adcode、city，都没有，默认客户端的ip\"\n    }\n}',
    '',
    NULL,
    '',
    '{\n    \"code\": {\n        \"option\": false,\n        \"type\": \"integer\",\n        \"desc\": \"响应码\"\n    },\n    \"data\": {\n        \"option\": true,\n        \"type\": \"object\",\n        \"nestedType\": {\n            \"location\": {\n                \"option\": false,\n                \"type\": \"string\",\n                \"desc\": \"地址。如广东/惠州，惠州市，中国/广东省/惠州\"\n            },\n            \"date\": {\n                \"option\": false,\n                \"type\": \"string\",\n                \"desc\": \"日期。如 2002-01-01\"\n            },\n            \"description\": {\n                \"option\": false,\n                \"type\": \"string\",\n                \"desc\": \"天气描述。如多云，多云/雾\"\n            },\n            \"lowerT\": {\n                \"option\": false,\n                \"type\": \"string\",\n                \"desc\": \"最低温度，如10°C\"\n            },\n            \"highT\": {\n                \"option\": false,\n                \"type\": \"string\",\n                \"desc\": \"最高温度，如10°C\"\n            }\n        }\n    },\n    \"message\": {\n        \"option\": true,\n        \"type\": \"string\",\n        \"desc\": \"错误信息\"\n    }\n}',
    '\n{\n    \"code\": 0,\n    \"msg\": null,\n    \"data\": {\n        \"location\": \"中国/广东省/广州\",\n        \"date\": \"2002-01-01\",\n        \"description\": \"多云/多雾\",\n        \"lowerT\": \"10°C\",\n        \"highT\": \"20°C\"\n    }\n}',
    '{\n    \"code\": 4000,\n    \"msg\": \"client param error, city or adcode is required\",\n    \"data\": null\n}',
    '{\n    \"4000\": {\n        \"httpStatus\": 400,\n        \"desc\": \"客户端参数错误\"\n    },\n    \"50001\": {\n        \"httpStatus\": 500,\n        \"desc\": \"系统繁忙，需要等待一段时间后才能请求，或者可能服务器出现问题，暂时无法使用\"\n    }\n}',
    0.00001,
    10,
    'http://127.0.0.1:9000/api-platform/oss/static/imgs/7a2a1678dd9106bef66d52f203c76a45.png',
    8,
    28,
    1,
    1740755363071,
    1741446788189
  ),
  (
    2,
    1,
    '随时获取各类冷笑话，为生活增添别样乐趣',
    '冷笑话',
    'http',
    '127.0.0.1:9000',
    '/api-platform/api/web/cold-joke',
    'POST',
    '{\n  \"description\": {\n    \"type\": \"string\",\n    \"required\": false,\n    \"desc\": \"添加一些补充描述\"\n  }\n}',
    '',
    NULL,
    '',
    NULL,
    NULL,
    NULL,
    NULL,
    0.005,
    5,
    'http://127.0.0.1:9000/api-platform/oss/static/imgs/72cf54fc9444bb2de6083e679f8a5b1a.png',
    8,
    14,
    1,
    1740323363071,
    1740755363083
  ),
  (
    3,
    1,
    '随机提供丰富多样的表情包，让表达更生动',
    '随机表情包',
    'http',
    '127.0.0.1:9000',
    '/api-platform/api/web/random/emoji',
    'GET',
    '',
    '',
    NULL,
    '',
    '{\n  \"code\": {\n    \"type\": \"number\",\n    \"desc\": \"响应码\"\n  },\n  \"data\": {\n    \"option\": true,\n    \"type\": \"string\",\n    \"desc\": \"图片URL\"\n  },\n  \"msg\": {\n    \"option\": true,\n    \"type\": \"string\",\n    \"desc\": \"异常消息\"\n  }\n}',
    '{\n  \"code\": 0,\n  \"data\":  \"https://123.com/a/b.jpg\",\n  \"msg\": \"success\"\n}',
    '',
    '',
    0,
    0,
    'http://127.0.0.1:9000/api-platform/oss/static/imgs/9401f332b8f7be7fef0ff10a57043c7c.png',
    8,
    3,
    1,
    1739891363071,
    1740755363084
  ),
  (
    4,
    1,
    '海量随机壁纸任你选，为设备增添独特风采',
    '随机壁纸',
    'http',
    '127.0.0.1:9000',
    '/api-platform/api/web/random/wallpaper',
    'GET',
    '',
    '',
    '',
    '',
    '{\n  \"code\": {\n    \"type\": \"number\",\n    \"desc\": \"响应码\"\n  },\n  \"data\": {\n    \"option\": true,\n    \"type\": \"string\",\n    \"desc\": \"图片URL\"\n  },\n  \"msg\": {\n    \"option\": true,\n    \"type\": \"string\",\n    \"desc\": \"错误信息\"\n  }\n}',
    '{\n  \"code\": 0,\n  \"data\": \"http://123.com/a/b.jpg\",\n  \"msg\": \"success\"\n}',
    NULL,
    NULL,
    0,
    0,
    'http://127.0.0.1:9000/api-platform/oss/static/imgs/034326f20d02b56c96962bae7194d374.png',
    8,
    4,
    1,
    1739459363071,
    1740755363084
  ),
  (
    5,
    1,
    '用于获取指定用户的详细信息，满足数据查询需求',
    'GetUserInfo',
    'http',
    '127.0.0.1:9001',
    '/v1/user/info',
    'GET',
    '',
    '',
    '',
    '',
    '',
    '',
    '',
    '',
    0.0001,
    2,
    'http://127.0.0.1:9000/api-platform/oss/static/imgs/532c3cb5002a187a9d168da94cd6f8f2.jpeg',
    8,
    0,
    1,
    1739027363071,
    1742706683068
  ),
  (
    6,
    1,
    '快速创建新用户账户，保障用户注册流程顺畅',
    'CreateUser',
    'http',
    '127.0.0.1:9001',
    '/v1/user/create',
    'POST',
    '{\"name\":\"string\", \"email\":\"string\"}',
    '',
    '{\"Content-Type\":\"application/json\"}',
    '',
    '',
    '',
    '',
    '',
    0.001,
    0,
    'http://127.0.0.1:9000/api-platform/oss/static/imgs/b76e9722e5fdecadffccf0a9485782ef.jpeg',
    8,
    0,
    1,
    1738595363071,
    1742708762549
  ),
  (
    7,
    1,
    '灵活更新用户的各类信息，确保数据实时准确',
    'UpdateUser',
    'http',
    '127.0.0.1:9001',
    '/v1/user/update',
    'PUT',
    '{\"id\":\"int\", \"email\":\"string\"}',
    '',
    '{\"Content-Type\":\"application/json\"}',
    '',
    '',
    '',
    '',
    '',
    0.01,
    0,
    'http://127.0.0.1:9000/api-platform/oss/static/imgs/929507bec5dba1b1ca9058b0a88a05f2.jpeg',
    8,
    0,
    1,
    1738163363071,
    1742708775370
  ),
  (
    8,
    1,
    '安全可靠地删除指定用户账户，保护数据隐私',
    'DeleteUser',
    'http',
    '127.0.0.1:9001',
    '/v1/user/delete',
    'DELETE',
    '{\"id\":\"int\"}',
    '',
    '{\"Content-Type\":\"application/json\"}',
    '',
    '',
    '',
    '',
    '',
    0.1,
    0,
    'http://127.0.0.1:9000/api-platform/oss/static/imgs/fd0a313add5668a878e636102e73bb47.jpeg',
    8,
    0,
    1,
    1737731363071,
    1742708787265
  ),
  (
    9,
    1,
    '高效获取用户列表信息，便于管理与数据分析',
    'ListUsers',
    'http',
    '127.0.0.1:9001',
    '/v1/users',
    'GET',
    '',
    '',
    '',
    '',
    '',
    '',
    '',
    '',
    0.0002,
    0,
    'http://127.0.0.1:9000/api-platform/oss/static/imgs/b55c15811abda95e4599834ad4a3fdd8.jpeg',
    8,
    0,
    1,
    1737299363071,
    1742708835455
  ),
  (
    10,
    1,
    '支持用户上传个人头像图片，完善个人资料展示',
    'UploadProfilePic',
    'http',
    '127.0.0.1:9001',
    '/v1/user/upload/pic',
    'POST',
    '',
    '',
    '{\"Content-Type\":\"multipart/form-data\"}',
    '',
    '',
    '',
    '',
    '',
    0.002,
    0,
    'http://127.0.0.1:9000/api-platform/oss/static/imgs/5bed31d87919c8f5216e327adf457b08.jpeg',
    8,
    0,
    1,
    1736867363071,
    1742708869780
  ),
  (
    11,
    1,
    '帮助用户重置账户密码，保障账户安全与便捷',
    'ResetPassword',
    'http',
    '127.0.0.1:9001',
    '/v1/user/reset-password',
    'POST',
    '{\"email\":\"string\"}',
    '',
    '{\"Content-Type\":\"application/json\"}',
    '',
    '',
    '',
    '',
    '',
    0.02,
    0,
    'http://127.0.0.1:9000/api-platform/oss/static/imgs/a56d33f7775d6d3d05ccfa729a2fe4c9.jpeg',
    8,
    0,
    1,
    1736435363071,
    1742708888436
  ),
  (
    12,
    1,
    '激活用户账户，确保用户顺利开启使用体验',
    'ActivateAccount',
    'http',
    '127.0.0.1:9001',
    '/v1/user/activate',
    'POST',
    '{\"token\":\"string\"}',
    '',
    '{\"Content-Type\":\"application/json\"}',
    '',
    '',
    '',
    '',
    '',
    0.2,
    0,
    'http://127.0.0.1:9000/api-platform/oss/static/imgs/8349ec92458193e516c74cb6352b3728.jpeg',
    8,
    0,
    1,
    1736003363071,
    1742708949212
  ),
  (
    13,
    1,
    '详细获取用户的活动日志，助力行为分析与管理',
    'GetUserActivity',
    'http',
    '127.0.0.1:9001',
    '/v1/user/activity',
    'GET',
    '{\"id\":\"int\"}',
    '',
    '',
    '',
    '',
    '',
    '',
    '',
    0.11,
    0,
    'http://127.0.0.1:9000/api-platform/oss/static/imgs/b86f8aa18721e235604f87edb59520a8.jpeg',
    8,
    0,
    1,
    1735571363071,
    1742708912358
  ),
  (
    14,
    1,
    '精准获取用户的个性化设置信息，提供定制服务',
    'GetUserSettings',
    'http',
    '127.0.0.1:9001',
    '/v1/user/settings',
    'GET',
    '{\"id\":\"int\"}',
    '',
    '',
    '',
    '',
    '',
    '',
    '',
    0.21,
    0,
    'http://127.0.0.1:9000/api-platform/oss/static/imgs/b86f8aa18721e235604f87edb59520a8.jpeg',
    8,
    0,
    1,
    1735139363071,
    1740755363090
  ),
  (
    15,
    1,
    '方便快捷地更新用户设置，满足个性化需求',
    'UpdateUserSettings',
    'http',
    '127.0.0.1:9001',
    '/v1/user/settings/update',
    'PUT',
    '{\"id\":\"int\", \"settings\":\"string\"}',
    '',
    '{\"Content-Type\":\"application/json\"}',
    '',
    '',
    '',
    '',
    '',
    0.15,
    0,
    'http://127.0.0.1:9000/api-platform/oss/static/imgs/b86f8aa18721e235604f87edb59520a8.jpeg',
    8,
    0,
    1,
    1734707363071,
    1740755363090
  ),
  (
    16,
    1,
    '全面列出各类产品信息，助力产品查询与管理',
    'ListProducts',
    'http',
    '127.0.0.1:9001',
    '/v1/products',
    'GET',
    '',
    '',
    '',
    '',
    '',
    '',
    '',
    '',
    0,
    0,
    'http://127.0.0.1:9000/api-platform/oss/static/imgs/b86f8aa18721e235604f87edb59520a8.jpeg',
    8,
    0,
    1,
    1734275363071,
    1740755363094
  ),
  (
    17,
    1,
    '深入获取产品详细信息，辅助产品了解与决策',
    'GetProductDetails',
    'http',
    '127.0.0.1:9001',
    '/v1/product/details',
    'GET',
    '{\"id\":\"int\"}',
    '',
    '',
    '',
    '',
    '',
    '',
    '',
    0,
    0,
    'http://127.0.0.1:9000/api-platform/oss/static/imgs/b86f8aa18721e235604f87edb59520a8.jpeg',
    8,
    0,
    1,
    1733843363071,
    1740755363095
  ),
  (
    18,
    1,
    '便捷创建新的产品记录，丰富产品库资源',
    'CreateProduct',
    'http',
    '127.0.0.1:9001',
    '/v1/product/create',
    'POST',
    '{\"name\":\"string\", \"price\":\"float\"}',
    '',
    '{\"Content-Type\":\"application/json\"}',
    '',
    '',
    '',
    '',
    '',
    0,
    0,
    'http://127.0.0.1:9000/api-platform/oss/static/imgs/b86f8aa18721e235604f87edb59520a8.jpeg',
    8,
    0,
    1,
    1733411363071,
    1740755363096
  ),
  (
    19,
    1,
    '及时更新产品详细信息，保持数据准确有效',
    'UpdateProduct',
    'http',
    '127.0.0.1:9001',
    '/v1/product/update',
    'PUT',
    '{\"id\":\"int\", \"price\":\"float\"}',
    '',
    '{\"Content-Type\":\"application/json\"}',
    '',
    '',
    '',
    '',
    '',
    0,
    0,
    'http://127.0.0.1:9000/api-platform/oss/static/imgs/b86f8aa18721e235604f87edb59520a8.jpeg',
    8,
    0,
    1,
    1732979363071,
    1740755363096
  ),
  (
    20,
    1,
    '安全删除指定产品信息，优化产品数据管理',
    'DeleteProduct',
    'http',
    '127.0.0.1:9001',
    '/v1/product/delete',
    'DELETE',
    '{\"id\":\"int\"}',
    '',
    '{\"Content-Type\":\"application/json\"}',
    '',
    '',
    '',
    '',
    '',
    0,
    0,
    'http://127.0.0.1:9000/api-platform/oss/static/imgs/b86f8aa18721e235604f87edb59520a8.jpeg',
    8,
    0,
    1,
    1732547363071,
    1740755363096
  ),
  (
    21,
    1,
    '全面获取产品的用户评价信息，了解市场反馈',
    'GetProductReviews',
    'http',
    '127.0.0.1:9001',
    '/v1/product/reviews',
    'GET',
    '{\"id\":\"int\"}',
    '',
    '',
    '',
    '',
    '',
    '',
    '',
    0,
    0,
    'http://127.0.0.1:9000/api-platform/oss/static/imgs/b86f8aa18721e235604f87edb59520a8.jpeg',
    8,
    0,
    1,
    1732115363071,
    1740755363097
  ),
  (
    22,
    1,
    '允许用户添加产品评价，促进产品交流与改进',
    'AddProductReview',
    'http',
    '127.0.0.1:9001',
    '/v1/product/review/add',
    'POST',
    '{\"id\":\"int\", \"review\":\"string\"}',
    '',
    '{\"Content-Type\":\"application/json\"}',
    '',
    '',
    '',
    '',
    '',
    0,
    0,
    'http://127.0.0.1:9000/api-platform/oss/static/imgs/b86f8aa18721e235604f87edb59520a8.jpeg',
    8,
    0,
    1,
    1731683363071,
    1740755363097
  ),
  (
    23,
    1,
    '精准获取用户的订单信息，方便订单管理与查询',
    'GetUserOrders',
    'http',
    '127.0.0.1:9001',
    '/v1/user/orders',
    'GET',
    '{\"userId\":\"int\"}',
    '',
    '',
    '',
    '',
    '',
    '',
    '',
    0,
    0,
    'http://127.0.0.1:9000/api-platform/oss/static/imgs/b86f8aa18721e235604f87edb59520a8.jpeg',
    8,
    0,
    1,
    1731251363071,
    1740755363098
  ),
  (
    24,
    1,
    '详细获取指定订单的具体信息，支持订单跟踪',
    'GetOrderDetails',
    'http',
    '127.0.0.1:9001',
    '/v1/order/details',
    'GET',
    '{\"orderId\":\"int\"}',
    '',
    '',
    '',
    '',
    '',
    '',
    '',
    0,
    0,
    'http://127.0.0.1:9000/api-platform/oss/static/imgs/b86f8aa18721e235604f87edb59520a8.jpeg',
    80,
    1,
    1,
    1730819363071,
    1740765670562
  );

/*!40000 ALTER TABLE `http_api` ENABLE KEYS */;

--
-- Table structure for table `notification`
--
DROP TABLE IF EXISTS `notification`;

/*!40101 SET @saved_cs_client     = @@character_set_client */;

/*!50503 SET character_set_client = utf8mb4 */;

CREATE TABLE
  `notification` (
    `id` bigint (20) NOT NULL AUTO_INCREMENT,
    `user_id` bigint (20) NOT NULL DEFAULT '0',
    `notice_type` tinyint (4) NOT NULL,
    `is_read` tinyint (4) NOT NULL DEFAULT '0',
    `title` varchar(16) NOT NULL DEFAULT '',
    `content` varchar(128) NOT NULL DEFAULT '',
    PRIMARY KEY (`id`)
  ) ENGINE = InnoDB AUTO_INCREMENT = 71 DEFAULT CHARSET = utf8mb4;

/*!40101 SET character_set_client = @saved_cs_client */;

--
-- Dumping data for table `notification`
--
/*!40000 ALTER TABLE `notification` DISABLE KEYS */;

INSERT INTO
  `notification`
VALUES
  (1, 2, 1, 1, 'reply', '3'),
  (2, 2, 1, 1, 'reply', '4'),
  (3, 2, 1, 1, 'reply', '5'),
  (4, 2, 1, 1, 'reply', '6'),
  (5, 2, 1, 1, 'reply', '7'),
  (6, 2, 1, 1, 'reply', '8'),
  (7, 2, 1, 1, 'reply', '9'),
  (8, 2, 1, 1, 'reply', '10'),
  (9, 2, 1, 1, 'reply', '11'),
  (10, 2, 1, 1, 'reply', '12'),
  (11, 2, 1, 1, 'reply', '13'),
  (12, 2, 1, 1, 'reply', '14'),
  (13, 2, 1, 1, 'reply', '15'),
  (14, 2, 1, 1, 'reply', '16'),
  (15, 2, 1, 1, 'reply', '17'),
  (16, 2, 1, 1, 'reply', '18'),
  (17, 2, 1, 1, 'reply', '19'),
  (18, 2, 1, 1, 'reply', '20'),
  (19, 2, 1, 1, 'reply', '21'),
  (20, 2, 1, 1, 'reply', '22'),
  (21, 2, 1, 1, 'reply', '23'),
  (22, 2, 1, 1, 'reply', '24'),
  (23, 2, 1, 1, 'reply', '25'),
  (24, 2, 1, 1, 'reply', '26'),
  (25, 2, 1, 1, 'reply', '27'),
  (26, 2, 1, 1, 'reply', '28'),
  (27, 2, 1, 1, 'reply', '29'),
  (28, 2, 1, 1, 'reply', '30'),
  (29, 2, 1, 1, 'reply', '31'),
  (30, 2, 1, 1, 'reply', '32'),
  (31, 2, 1, 1, 'reply', '33'),
  (32, 2, 1, 1, 'reply', '36'),
  (33, 2, 1, 1, 'reply', '37'),
  (34, 2, 1, 1, 'reply', '39'),
  (35, 2, 1, 1, 'reply', '41'),
  (36, 1, 1, 1, 'reply', '42'),
  (37, 1, 1, 1, 'reply', '43'),
  (38, 2, 1, 1, 'reply', '45'),
  (39, 2, 1, 1, 'reply', '46'),
  (40, 2, 1, 1, 'reply', '47'),
  (41, 13, 1, 0, 'reply', '49'),
  (42, 13, 1, 0, 'reply', '50'),
  (43, 1, 1, 0, 'reply', '51'),
  (44, 1, 1, 0, 'reply', '52'),
  (45, 2, 1, 1, 'reply', '139'),
  (46, 2, 1, 0, 'reply', '141'),
  (47, 2, 1, 0, 'reply', '144'),
  (48, 2, 1, 0, 'reply', '147'),
  (49, 2, 1, 0, 'reply', '150'),
  (50, 2, 1, 0, 'reply', '153'),
  (51, 2, 1, 0, 'reply', '156'),
  (52, 2, 1, 0, 'reply', '159'),
  (53, 2, 1, 0, 'reply', '162'),
  (54, 2, 1, 0, 'reply', '165'),
  (55, 2, 1, 0, 'reply', '168'),
  (56, 2, 1, 0, 'reply', '171'),
  (57, 2, 1, 0, 'reply', '174'),
  (58, 2, 1, 0, 'reply', '177'),
  (59, 2, 1, 0, 'reply', '180'),
  (60, 2, 1, 0, 'reply', '183'),
  (61, 2, 1, 0, 'reply', '186'),
  (62, 2, 1, 0, 'reply', '189'),
  (63, 2, 1, 0, 'reply', '192'),
  (64, 2, 1, 0, 'reply', '195'),
  (65, 2, 1, 0, 'reply', '198'),
  (66, 2, 1, 0, 'reply', '201'),
  (67, 2, 1, 0, 'reply', '204'),
  (68, 2, 1, 0, 'reply', '207'),
  (69, 3, 1, 0, 'reply', '209'),
  (70, 2, 1, 0, 'reply', '210');

/*!40000 ALTER TABLE `notification` ENABLE KEYS */;

--
-- Table structure for table `order_status`
--
DROP TABLE IF EXISTS `order_status`;

/*!40101 SET @saved_cs_client     = @@character_set_client */;

/*!50503 SET character_set_client = utf8mb4 */;

CREATE TABLE
  `order_status` (
    `id` bigint (20) NOT NULL AUTO_INCREMENT,
    `date` date NOT NULL,
    `api_id` bigint (20) NOT NULL,
    `amount` double NOT NULL COMMENT '总金额',
    `total` int (11) NOT NULL COMMENT '订单数量',
    PRIMARY KEY (`id`)
  ) ENGINE = InnoDB AUTO_INCREMENT = 47 DEFAULT CHARSET = utf8mb4 COLLATE = utf8mb4_bin;

/*!40101 SET character_set_client = @saved_cs_client */;

--
-- Dumping data for table `order_status`
--
/*!40000 ALTER TABLE `order_status` DISABLE KEYS */;

INSERT INTO
  `order_status`
VALUES
  (1, '2023-01-05', 1, 200, 10),
  (2, '2023-01-15', 2, 450, 20),
  (3, '2023-01-25', 3, 300, 15),
  (4, '2023-02-05', 4, 600, 25),
  (5, '2023-02-15', 5, 750, 30),
  (6, '2023-02-25', 6, 900, 35),
  (7, '2023-03-05', 7, 150, 10),
  (8, '2023-03-15', 8, 250, 15),
  (9, '2023-03-25', 9, 350, 20),
  (10, '2023-04-05', 10, 400, 25),
  (11, '2023-04-15', 11, 500, 30),
  (12, '2023-04-25', 12, 600, 35),
  (13, '2023-05-05', 13, 200, 10),
  (14, '2023-05-15', 14, 300, 15),
  (15, '2023-05-25', 15, 400, 20),
  (16, '2023-06-05', 16, 500, 25),
  (17, '2023-06-15', 17, 600, 30),
  (18, '2023-06-25', 18, 700, 35),
  (19, '2023-07-05', 19, 800, 40),
  (20, '2023-07-15', 20, 900, 45),
  (21, '2023-07-25', 21, 1000, 50),
  (22, '2023-08-05', 22, 1100, 55),
  (23, '2023-08-15', 23, 1200, 60),
  (24, '2023-09-05', 1, 1300, 65),
  (25, '2023-09-15', 2, 1400, 70),
  (26, '2023-09-25', 3, 1500, 75),
  (27, '2023-10-05', 4, 1600, 80),
  (28, '2023-10-15', 5, 1700, 85),
  (29, '2023-10-25', 6, 1800, 90),
  (30, '2023-11-05', 7, 1900, 95),
  (31, '2023-11-15', 8, 2000, 100),
  (32, '2023-11-25', 9, 2100, 105),
  (33, '2023-12-05', 10, 2200, 110),
  (34, '2023-12-15', 11, 2300, 115),
  (35, '2023-12-25', 12, 2400, 120),
  (36, '2024-01-05', 13, 2500, 125),
  (37, '2024-01-15', 14, 2600, 130),
  (38, '2024-01-25', 15, 2700, 135),
  (39, '2024-02-05', 16, 2800, 140),
  (40, '2024-02-15', 17, 2900, 145),
  (41, '2024-02-25', 18, 3000, 150),
  (42, '2024-03-05', 19, 3100, 155),
  (43, '2024-03-15', 20, 3200, 160),
  (44, '2024-03-25', 21, 3300, 165),
  (45, '2024-04-05', 22, 3400, 170),
  (46, '2024-04-15', 23, 3500, 175);

/*!40000 ALTER TABLE `order_status` ENABLE KEYS */;

--
-- Table structure for table `user`
--
DROP TABLE IF EXISTS `user`;

/*!40101 SET @saved_cs_client     = @@character_set_client */;

/*!50503 SET character_set_client = utf8mb4 */;

CREATE TABLE
  `user` (
    `id` bigint (20) NOT NULL AUTO_INCREMENT,
    `nickname` varchar(32) NOT NULL,
    `username` varchar(32) NOT NULL,
    `passwd` varchar(32) NOT NULL,
    `email` varchar(64) NOT NULL,
    `personal_description` varchar(256) NOT NULL DEFAULT '',
    `avatar_url` varchar(1024) NOT NULL DEFAULT '',
    `app_key` varchar(512) NOT NULL,
    `app_secret` varchar(512) NOT NULL,
    `api_prefix` varchar(32) NOT NULL DEFAULT '' COMMENT '所有API的前缀，默认username',
    `role` varchar(16) NOT NULL DEFAULT 'USER',
    `status` tinyint (4) NOT NULL DEFAULT '0' COMMENT '0-正常，1-冻结用户，2-冻结服务商，3-冻结用户+服务商',
    `ctime` bigint (20) NOT NULL,
    `deleted` tinyint (1) NOT NULL DEFAULT '0',
    PRIMARY KEY (`id`),
    UNIQUE KEY `app_key` (`app_key`),
    UNIQUE KEY `email` (`email`),
    UNIQUE KEY `username` (`username`)
  ) ENGINE = InnoDB AUTO_INCREMENT = 46 DEFAULT CHARSET = utf8mb4;

/*!40101 SET character_set_client = @saved_cs_client */;

--
-- Dumping data for table `user`
--
/*!40000 ALTER TABLE `user` DISABLE KEYS */;

INSERT INTO
  `user`
VALUES
  (
    1,
    'system',
    'system',
    '7a278ee6b95e4cd5c74036097f548beb',
    'liruohrh@gmail.com',
    'a system rolettt',
    'http://127.0.0.1:9000/api-platform/oss/static/imgs/78d8e518a76c38de6b0b9aa5ce849e66.jpeg',
    '6578212f676fd34500bb0fd071cd86aa',
    'f705bb7296fcd6e49975600dc66d4ba5',
    '',
    'ADMIN',
    0,
    1740671455189,
    0
  ),
  (
    2,
    'test1',
    'test1',
    '7a278ee6b95e4cd5c74036097f548beb',
    'liruohrh@163.com',
    'a test 1',
    'http://127.0.0.1:9000/api-platform/oss/static/imgs/af8ecb1f6c730e30665b2bb501127447.jpeg',
    '001e8207e6d7eda1fb7c4f4c8cf58db7',
    '48d9d3799e31bc4773f3787bfc5d265d',
    '',
    'USER',
    1,
    1740671593500,
    0
  ),
  (
    3,
    'test2',
    'test2',
    '7a278ee6b95e4cd5c74036097f548beb',
    'test2@test.com',
    'a test 2',
    'http://127.0.0.1:9000/api-platform/oss/static/imgs/af8ecb1f6c730e30665b2bb501127447.jpeg',
    'd6c857f541e579262f28ed4682756009',
    '0da847a6bf26a37c6300a94b9bbb3d76',
    '',
    'USER',
    0,
    1740763793383,
    0
  ),
  (
    4,
    'test3',
    'test3',
    '7a278ee6b95e4cd5c74036097f548beb',
    'liruolym@gmail.com',
    'a test 3...',
    'http://127.0.0.1:9000/api-platform/oss/static/imgs/af8ecb1f6c730e30665b2bb501127447.jpeg',
    'c8aa76edd28ad1f953ca8573c906c0d1',
    'fe408523cd49f44dba735e5539583cbf',
    '',
    'USER',
    0,
    1740763793385,
    0
  ),
  (
    5,
    'test4',
    'test4',
    '7a278ee6b95e4cd5c74036097f548beb',
    'test4@test.com',
    'a test 4',
    'http://127.0.0.1:9000/api-platform/oss/static/imgs/af8ecb1f6c730e30665b2bb501127447.jpeg',
    'b5cc3c39379e96e494c89c7379454be0',
    '3f5d30537eef39b8baf40282f8c34ae4',
    '',
    'USER',
    0,
    1740763793387,
    0
  ),
  (
    6,
    'test5',
    'test5',
    '7a278ee6b95e4cd5c74036097f548beb',
    'test5@test.com',
    'a test 5',
    'http://127.0.0.1:9000/api-platform/oss/static/imgs/af8ecb1f6c730e30665b2bb501127447.jpeg',
    '210fdb9d4ab13fecc09ccc0c510da95d',
    '15c54bda29d87c74a4f2b9bdebd65b63',
    '',
    'USER',
    0,
    1740763793388,
    0
  ),
  (
    7,
    'test6',
    'test6',
    '7a278ee6b95e4cd5c74036097f548beb',
    'test6@test.com',
    'a test 6',
    'http://127.0.0.1:9000/api-platform/oss/static/imgs/af8ecb1f6c730e30665b2bb501127447.jpeg',
    'bb093088ba5b5b0fc7035bbc95c9fbd0',
    '1375ddb123539fd5488a8ea2dceec621',
    '',
    'USER',
    0,
    1740763793388,
    0
  ),
  (
    8,
    'test7',
    'test7',
    '7a278ee6b95e4cd5c74036097f548beb',
    'test7@test.com',
    'a test 7',
    'http://127.0.0.1:9000/api-platform/oss/static/imgs/af8ecb1f6c730e30665b2bb501127447.jpeg',
    'abd8316d4aa25ce5a2b2fb350c4f5f21',
    'e829cc46bb2bbe3e0293063820809d13',
    '',
    'USER',
    0,
    1740763793389,
    0
  ),
  (
    9,
    'test8',
    'test8',
    '7a278ee6b95e4cd5c74036097f548beb',
    'test8@test.com',
    'a test 8',
    'http://127.0.0.1:9000/api-platform/oss/static/imgs/af8ecb1f6c730e30665b2bb501127447.jpeg',
    'c9f88a037910070c339c27b51ecdb023',
    '994f5b40ffb2a1e76db96edaff732c99',
    '',
    'USER',
    0,
    1740763793390,
    0
  ),
  (
    10,
    'test9',
    'test9',
    '7a278ee6b95e4cd5c74036097f548beb',
    'test9@test.com',
    'a test 9',
    'http://127.0.0.1:9000/api-platform/oss/static/imgs/af8ecb1f6c730e30665b2bb501127447.jpeg',
    'b160dcf95e9d1fb168df63a72837c99e',
    '7aa3b65257edc602064daf7eba7919d0',
    '',
    'USER',
    0,
    1740763793390,
    0
  ),
  (
    11,
    'test10',
    'test10',
    '7a278ee6b95e4cd5c74036097f548beb',
    'test10@test.com',
    'a test 10',
    'http://127.0.0.1:9000/api-platform/oss/static/imgs/af8ecb1f6c730e30665b2bb501127447.jpeg',
    'd5634f669f976deca5d784fd6e44cadb',
    '90276b180c9397818c50c759676ac09e',
    '',
    'USER',
    0,
    1740763793391,
    0
  ),
  (
    12,
    'test11',
    'test11',
    '7a278ee6b95e4cd5c74036097f548beb',
    'test11@test.com',
    'a test 11',
    'http://127.0.0.1:9000/api-platform/oss/static/imgs/af8ecb1f6c730e30665b2bb501127447.jpeg',
    'fc2fe068764c53264f6015c78a4bbd4f',
    '9f1721c6b8a3a22f202db9144af7460f',
    '',
    'USER',
    0,
    1740763793392,
    0
  ),
  (
    13,
    '测试',
    'test222',
    '7a278ee6b95e4cd5c74036097f548beb',
    'test13@test.com',
    '',
    '',
    '2ee9c740c611902beb505d92e84dfd8c',
    '5b70f578cafa9c978321c10869c11c42',
    '',
    'USER',
    0,
    1740983243183,
    0
  ),
  (
    14,
    'test1111',
    'test1111',
    '7a278ee6b95e4cd5c74036097f548beb',
    'test1111@test.com',
    '',
    '',
    '7144cbb15682359ef1fedfdb98d92b7c',
    'f5c0381355ab9eb4fe183eed213bba48',
    '',
    'USER',
    0,
    1741008204390,
    0
  ),
  (
    15,
    'test15',
    'test15',
    '7a278ee6b95e4cd5c74036097f548beb',
    'test15@test.com',
    'a test 15',
    'http://127.0.0.1:9000/api-platform/oss/static/imgs/af8ecb1f6c730e30665b2bb501127447.jpeg',
    '0de10d3e7a835a64ad19b4e85f138911',
    'b2602f8da808b77c5431abef0bf86874',
    '',
    'USER',
    0,
    1741518512680,
    0
  ),
  (
    16,
    'test16',
    'test16',
    '7a278ee6b95e4cd5c74036097f548beb',
    'test16@test.com',
    'a test 16',
    'http://127.0.0.1:9000/api-platform/oss/static/imgs/af8ecb1f6c730e30665b2bb501127447.jpeg',
    '375b3a4a2aa2c05661adfadebf1926ed',
    '02108ef5830239d4b1406b5cd722176b',
    '',
    'USER',
    0,
    1741518512683,
    0
  ),
  (
    17,
    'test17',
    'test17',
    '7a278ee6b95e4cd5c74036097f548beb',
    'test17@test.com',
    'a test 17',
    'http://127.0.0.1:9000/api-platform/oss/static/imgs/af8ecb1f6c730e30665b2bb501127447.jpeg',
    '470567eeddec5aa1372b0f0bee22d4de',
    '3d8cf290098a1706a3feea052cfe4100',
    '',
    'USER',
    0,
    1741518512684,
    0
  ),
  (
    18,
    'test18',
    'test18',
    '7a278ee6b95e4cd5c74036097f548beb',
    'test18@test.com',
    'a test 18',
    'http://127.0.0.1:9000/api-platform/oss/static/imgs/af8ecb1f6c730e30665b2bb501127447.jpeg',
    'eacf22869f5a5cc98a57ef8fc6112faa',
    'd4ec5852b4f578b3d9163c7d4a12bc57',
    '',
    'ADMIN',
    0,
    1741518512685,
    0
  ),
  (
    19,
    'test19',
    'test19',
    '7a278ee6b95e4cd5c74036097f548beb',
    'test19@test.com',
    'a test 19',
    'http://127.0.0.1:9000/api-platform/oss/static/imgs/af8ecb1f6c730e30665b2bb501127447.jpeg',
    '4c78d41d53d96aa8aaa67f75ca73e4a2',
    'c56c9c7a744418e22997b5dbef303c21',
    '',
    'USER',
    0,
    1741518512686,
    0
  ),
  (
    20,
    'test20',
    'test20',
    '7a278ee6b95e4cd5c74036097f548beb',
    'test20@test.com',
    'a test 20',
    'http://127.0.0.1:9000/api-platform/oss/static/imgs/af8ecb1f6c730e30665b2bb501127447.jpeg',
    '6643a58fefea7cf5b170ba484cef06fe',
    '915b95edf14e9f6831b0099a3be5734d',
    '',
    'USER',
    0,
    1741518512688,
    0
  ),
  (
    21,
    'test21',
    'test21',
    '7a278ee6b95e4cd5c74036097f548beb',
    'test21@test.com',
    'a test 21',
    'http://127.0.0.1:9000/api-platform/oss/static/imgs/af8ecb1f6c730e30665b2bb501127447.jpeg',
    '7c44f77f67c9060bd4bff7e55a5088fb',
    '363acc999a4d6b4bb859e33cf37d0385',
    '',
    'USER',
    0,
    1741518512689,
    0
  ),
  (
    22,
    'test22',
    'test22',
    '7a278ee6b95e4cd5c74036097f548beb',
    'test22@test.com',
    'a test 22',
    'http://127.0.0.1:9000/api-platform/oss/static/imgs/af8ecb1f6c730e30665b2bb501127447.jpeg',
    'e31336dea0e705b1df789970637aa907',
    '2e2502056f0d162c9a12b4c71c64e3c0',
    '',
    'USER',
    0,
    1741518512693,
    0
  ),
  (
    23,
    'test23',
    'test23',
    '7a278ee6b95e4cd5c74036097f548beb',
    'test23@test.com',
    'a test 23',
    'http://127.0.0.1:9000/api-platform/oss/static/imgs/af8ecb1f6c730e30665b2bb501127447.jpeg',
    'c7ee86221169f318fd52d29241d609b9',
    '762e9a4bedab9743598baf22c1361ee5',
    '',
    'USER',
    0,
    1741518512694,
    0
  ),
  (
    24,
    'test24',
    'test24',
    '7a278ee6b95e4cd5c74036097f548beb',
    'test24@test.com',
    'a test 24',
    'http://127.0.0.1:9000/api-platform/oss/static/imgs/af8ecb1f6c730e30665b2bb501127447.jpeg',
    '053620aa8be104770af13a3c7362ea86',
    '4a7f42044a607adfdf8948c1a179e870',
    '',
    'USER',
    0,
    1741518512696,
    0
  ),
  (
    25,
    'test25',
    'test25',
    '7a278ee6b95e4cd5c74036097f548beb',
    'test25@test.com',
    'a test 25',
    'http://127.0.0.1:9000/api-platform/oss/static/imgs/af8ecb1f6c730e30665b2bb501127447.jpeg',
    '563243eb29ab8e5bf6a1ed179b16f5ee',
    '1be0232432a040d2883aff7b6725cd4a',
    '',
    'USER',
    0,
    1741518512698,
    0
  ),
  (
    26,
    'test26',
    'test26',
    '7a278ee6b95e4cd5c74036097f548beb',
    'test26@test.com',
    'a test 26',
    'http://127.0.0.1:9000/api-platform/oss/static/imgs/af8ecb1f6c730e30665b2bb501127447.jpeg',
    '8c93544324e98f269bb68844651cf53d',
    '937fa68311948dffcbeb035ea2bedb35',
    '',
    'USER',
    0,
    1741518512699,
    0
  ),
  (
    27,
    'test27',
    'test27',
    '7a278ee6b95e4cd5c74036097f548beb',
    'test27@test.com',
    'a test 27',
    'http://127.0.0.1:9000/api-platform/oss/static/imgs/af8ecb1f6c730e30665b2bb501127447.jpeg',
    '9b1075d180ddf95d701db0058014b0af',
    'd280898611b7e3da7efc2cef4814c5b2',
    '',
    'USER',
    0,
    1741518512700,
    0
  ),
  (
    28,
    'test28',
    'test28',
    '7a278ee6b95e4cd5c74036097f548beb',
    'test28@test.com',
    'a test 28',
    'http://127.0.0.1:9000/api-platform/oss/static/imgs/af8ecb1f6c730e30665b2bb501127447.jpeg',
    '1219acfb26bf83db6bb72fc10a854786',
    'b4b4981178a7ff785fe70f48e3c9b3cb',
    '',
    'USER',
    0,
    1741518512700,
    0
  ),
  (
    29,
    'test29',
    'test29',
    '7a278ee6b95e4cd5c74036097f548beb',
    'test29@test.com',
    'a test 29',
    'http://127.0.0.1:9000/api-platform/oss/static/imgs/af8ecb1f6c730e30665b2bb501127447.jpeg',
    '7371261dff7b47eeed605b9de9eca61e',
    '226e18628ac30e5fea579e4a8abac104',
    '',
    'USER',
    0,
    1741518512701,
    0
  ),
  (
    30,
    'test30',
    'test30',
    '7a278ee6b95e4cd5c74036097f548beb',
    'test30@test.com',
    'a test 30',
    'http://127.0.0.1:9000/api-platform/oss/static/imgs/af8ecb1f6c730e30665b2bb501127447.jpeg',
    'a7ad6a7dfb8cc0b89e388b94189a1d3f',
    '03841fa0e2d86d5cc029e73d0e2d8b9c',
    '',
    'USER',
    0,
    1741518512704,
    0
  ),
  (
    31,
    'test31',
    'test31',
    '7a278ee6b95e4cd5c74036097f548beb',
    'test31@test.com',
    'a test 31',
    'http://127.0.0.1:9000/api-platform/oss/static/imgs/af8ecb1f6c730e30665b2bb501127447.jpeg',
    '6c1afa928d8c04362ae72afdb23d942e',
    '0cb97eff2dfd01f55c06d2f8d54a8a51',
    '',
    'USER',
    0,
    1741518512706,
    0
  ),
  (
    32,
    'test32',
    'test32',
    '7a278ee6b95e4cd5c74036097f548beb',
    'test32@test.com',
    'a test 32',
    'http://127.0.0.1:9000/api-platform/oss/static/imgs/af8ecb1f6c730e30665b2bb501127447.jpeg',
    'fe145c06f20bdcaf1a060133d05aa2f0',
    'fd9fdf43eaf49e48bda1a6c50d6c7d93',
    '',
    'USER',
    0,
    1741518512707,
    0
  ),
  (
    33,
    'test33',
    'test33',
    '7a278ee6b95e4cd5c74036097f548beb',
    'test33@test.com',
    'a test 33',
    'http://127.0.0.1:9000/api-platform/oss/static/imgs/af8ecb1f6c730e30665b2bb501127447.jpeg',
    'cf74194b46aab38b6acc7ce9b6d6339c',
    '1b44a9b5c0435dac231560f4f91f30fd',
    '',
    'USER',
    0,
    1741518512708,
    0
  ),
  (
    34,
    'test34',
    'test34',
    '7a278ee6b95e4cd5c74036097f548beb',
    'test34@test.com',
    'a test 34',
    'http://127.0.0.1:9000/api-platform/oss/static/imgs/af8ecb1f6c730e30665b2bb501127447.jpeg',
    '7e392ad4cb501682d138f012cc834cfa',
    'b411ca7337aad6b4188ef0bad993ab12',
    '',
    'USER',
    0,
    1741518512709,
    0
  ),
  (
    35,
    'test35',
    'test35',
    '7a278ee6b95e4cd5c74036097f548beb',
    'test35@test.com',
    'a test 35',
    'http://127.0.0.1:9000/api-platform/oss/static/imgs/af8ecb1f6c730e30665b2bb501127447.jpeg',
    '40433d895612fc9535dc2fdd197e3e82',
    '29a7e4c588b8190cf143ad82e9cfdc2a',
    '',
    'USER',
    0,
    1741518512709,
    0
  ),
  (
    36,
    'test36',
    'test36',
    '7a278ee6b95e4cd5c74036097f548beb',
    'test36@test.com',
    'a test 36',
    'http://127.0.0.1:9000/api-platform/oss/static/imgs/af8ecb1f6c730e30665b2bb501127447.jpeg',
    '023c44c1ac5e9545663e619793d13d68',
    '94e690f7f4b43728438ba6c2edc15b55',
    '',
    'USER',
    0,
    1741518512710,
    0
  ),
  (
    37,
    'test37',
    'test37',
    '7a278ee6b95e4cd5c74036097f548beb',
    'test37@test.com',
    'a test 37',
    'http://127.0.0.1:9000/api-platform/oss/static/imgs/af8ecb1f6c730e30665b2bb501127447.jpeg',
    '69b560622d6e4e422d8bc9a679b6ef6f',
    'a34f2308d48e05253e90687992e2a443',
    '',
    'USER',
    0,
    1741518512711,
    0
  ),
  (
    38,
    'test38',
    'test38',
    '7a278ee6b95e4cd5c74036097f548beb',
    'test38@test.com',
    'a test 38',
    'http://127.0.0.1:9000/api-platform/oss/static/imgs/af8ecb1f6c730e30665b2bb501127447.jpeg',
    '523153b8e66eb88645eafcb469bc60d0',
    '35c3fa3b692a30225a4c84076eb65c22',
    '',
    'USER',
    0,
    1741518512711,
    0
  ),
  (
    39,
    'test39',
    'test39',
    '7a278ee6b95e4cd5c74036097f548beb',
    'test39@test.com',
    'a test 39',
    'http://127.0.0.1:9000/api-platform/oss/static/imgs/af8ecb1f6c730e30665b2bb501127447.jpeg',
    '7bf4e7ccc08bb23084485db0f5057fad',
    '524301cf569a5ca51213f009fec11478',
    '',
    'USER',
    0,
    1741518512712,
    0
  ),
  (
    40,
    'test40',
    'test40',
    '7a278ee6b95e4cd5c74036097f548beb',
    'test40@test.com',
    'a test 40',
    'http://127.0.0.1:9000/api-platform/oss/static/imgs/af8ecb1f6c730e30665b2bb501127447.jpeg',
    '22394d1bc5db9f861d832626dea4c9e3',
    '190173337323364a816572533428651c',
    '',
    'USER',
    0,
    1741518512712,
    0
  ),
  (
    41,
    'test41',
    'test41',
    '7a278ee6b95e4cd5c74036097f548beb',
    'test41@test.com',
    'a test 41',
    'http://127.0.0.1:9000/api-platform/oss/static/imgs/af8ecb1f6c730e30665b2bb501127447.jpeg',
    'f8ff10410f8a0a052bd76f3c41ecc707',
    '98e1a536e356eb796e71fb8e04145dfe',
    '',
    'USER',
    0,
    1741518512714,
    0
  ),
  (
    42,
    'test42',
    'test42',
    '7a278ee6b95e4cd5c74036097f548beb',
    'test42@test.com',
    'a test 42',
    'http://127.0.0.1:9000/api-platform/oss/static/imgs/af8ecb1f6c730e30665b2bb501127447.jpeg',
    '59597fe50abbf167e5290341219c673f',
    '3f01cb3dfffc02a3a2a3e16bc455a690',
    '',
    'USER',
    0,
    1741518512714,
    0
  ),
  (
    43,
    'test43',
    'test43',
    '7a278ee6b95e4cd5c74036097f548beb',
    'test43@test.com',
    'a test 43',
    'http://127.0.0.1:9000/api-platform/oss/static/imgs/af8ecb1f6c730e30665b2bb501127447.jpeg',
    '5dc0d03fe48fac3f67b2c9ae2ae186e5',
    '0cfbd98de4bfdaa28340b97dd23ee715',
    '',
    'USER',
    0,
    1741518512715,
    0
  ),
  (
    44,
    'test44',
    'test44',
    '7a278ee6b95e4cd5c74036097f548beb',
    'test44@test.com',
    'a test 44',
    'http://127.0.0.1:9000/api-platform/oss/static/imgs/af8ecb1f6c730e30665b2bb501127447.jpeg',
    '1f2928935a916ffb9af653535f7ee17a',
    '7af39c2f9e4b50b36bc7dee0a98f35e4',
    '',
    'USER',
    0,
    1741518512715,
    0
  ),
  (
    45,
    'testx',
    'testx',
    '7a278ee6b95e4cd5c74036097f548beb',
    'testx@test.com',
    '',
    '',
    '7b692c3b740c9a1cb95b54595f29ec2e',
    'd0b44689d6d26b6938d34456085be81a',
    '',
    'USER',
    0,
    1745592525535,
    0
  );

/*!40000 ALTER TABLE `user` ENABLE KEYS */;

--
-- Dumping routines for database 'api_platform_s'
--
/*!40103 SET TIME_ZONE=@OLD_TIME_ZONE */;

/*!40101 SET SQL_MODE=@OLD_SQL_MODE */;

/*!40014 SET FOREIGN_KEY_CHECKS=@OLD_FOREIGN_KEY_CHECKS */;

/*!40014 SET UNIQUE_CHECKS=@OLD_UNIQUE_CHECKS */;

/*!40101 SET CHARACTER_SET_CLIENT=@OLD_CHARACTER_SET_CLIENT */;

/*!40101 SET CHARACTER_SET_RESULTS=@OLD_CHARACTER_SET_RESULTS */;

/*!40101 SET COLLATION_CONNECTION=@OLD_COLLATION_CONNECTION */;

/*!40111 SET SQL_NOTES=@OLD_SQL_NOTES */;

-- Dump completed on 2025-06-12  2:04:08